operator_id,name,buildings,red,yellow,green,avg_score,total_units,share_red,share_red_yellow
OP0001,TRIVEST DEVELOPMENTS CORPORATION,38,1,6,31,89.0,1219,0.026,0.184
OP0002,WOODGREEN COMMUNITY HOUSING INC.,17,1,2,14,87.9,937,0.059,0.176
OP0003,GOLDEN EQUITY PROPERTIES,15,1,6,8,83.2,1176,0.067,0.467
OP0004,COMMUNITY FIRST DEVELOPMENTS INC.,9,1,0,8,91.9,739,0.111,0.111
OP0005,1034523 ONTARIO LTD,7,1,1,5,82.6,101,0.143,0.286
OP0006,AIDERBROOK MANAGEMENT INC.,5,1,2,2,81.8,300,0.2,0.6
OP0007,RICHMOND COMMUNITY MANAGEMENT SERVICES CORP.,4,1,1,2,82.2,311,0.25,0.5
OP0008,1202074 ONTARIO INC,3,1,2,0,73.3,36,0.333,1.0
OP0009,CATERINA PROPERTIES INCORPORATED,2,1,0,1,54.0,37,0.5,0.5
OP0010,BARNEY RIVER MANAGEMENT SERVICES,2,1,1,0,72.5,491,0.5,1.0
OP0011,MCCOR MANAGEMENT (EAST) INC,2,1,1,0,63.5,38,0.5,1.0
OP0012,DONROS DEVELOPMENTS LIMITED,1,1,0,0,63.0,26,1.0,1.0
OP0013,TSE IN TRUST,1,1,0,0,69.0,16,1.0,1.0
OP0014,14792670 CANADA INC,1,1,0,0,64.0,21,1.0,1.0
OP0015,HAVCARE INVESTMENTS INC.,1,1,0,0,46.0,332,1.0,1.0
OP0016,PRECIOUS PROPERTIES INC,1,1,0,0,62.0,17,1.0,1.0
OP0017,IMPRESSIONS GROUP,1,1,0,0,53.0,42,1.0,1.0
OP0018,51 MADISON TORONTO INCORPORATED,1,1,0,0,58.0,11,1.0,1.0
OP0019,TERRANCE GOLDTHORPE,1,1,0,0,45.0,10,1.0,1.0
OP0020,KHYBER DEVELOPMENTS INC,1,1,0,0,69.0,15,1.0,1.0
OP0021,TORONTO COMMUNITY HOUSING CORPORATION,157,0,21,136,90.9,25932,0.0,0.134
OP0022,GREENWIN CORP.,104,0,10,94,92.2,12626,0.0,0.096
OP0023,TCH,103,0,16,87,90.7,10556,0.0,0.155
OP0024,METCAP LIVING MANAGEMENT INC.,75,0,12,63,90.3,7643,0.0,0.16
OP0025,STERLING KARAMAR PROPERTY MANAGEMENT,75,0,6,69,91.8,8808,0.0,0.08
OP0026,BRIARLANE RENTAL PROPERTY MANAGEMENT INC.,69,0,4,65,93.0,7994,0.0,0.058
OP0027,SIGNET GROUP INC.,55,0,6,49,92.5,4776,0.0,0.109
OP0028,AKELIUS CANADA LTD,54,0,4,50,92.7,3668,0.0,0.074
OP0029,CAPREIT,54,0,0,54,95.0,7459,0.0,0.0
OP0030,DMS PROPERTY MANAGEMENT LTD.,45,0,7,38,91.0,5091,0.0,0.156
OP0031,HAZELVIEW PROPERTY SERVICES INC,44,0,5,39,90.8,4078,0.0,0.114
OP0032,PARK PROPERTY MANAGEMENT INC.,39,0,3,36,93.0,6649,0.0,0.077
OP0033,REALSTAR,36,0,1,35,95.7,3480,0.0,0.028
OP0034,HOMESTEAD LAND HOLDINGS LIMITED,35,0,0,35,96.9,6117,0.0,0.0
OP0035,MEDALLION CORPORATION,35,0,10,25,89.5,6874,0.0,0.286
OP0036,RANEE MANAGEMENT,35,0,3,32,91.7,5703,0.0,0.086
OP0037,COGIR REAL ESTATE,33,0,4,29,91.9,1145,0.0,0.121
OP0038,HANNAH PROPERTY MANAGEMENT LTD.,30,0,3,27,91.1,982,0.0,0.1
OP0039,BERKLEY PROPERTY MANAGEMENT INC.,30,0,7,23,89.2,1874,0.0,0.233
OP0040,H&R PROPERTY MANAGEMENT,27,0,0,27,94.8,4489,0.0,0.0
OP0041,DEL MANAGMENT,27,0,8,19,87.3,4747,0.0,0.296
OP0042,NEIGHBOURS COMMUNITY HOMES,25,0,5,20,89.4,765,0.0,0.2
OP0043,PINEDALE PROPERTIES LTD,24,0,0,24,93.8,3702,0.0,0.0
OP0044,GOLD SEAL MANAGEMENT INC.,22,0,0,22,94.3,1260,0.0,0.0
OP0045,CANDO APARTMENTS LTD.,21,0,0,21,94.0,2224,0.0,0.0
OP0046,WESTDALE PROPERTIES,21,0,0,21,93.6,1842,0.0,0.0
OP0047,O'SHANTER DEVELOPMENT COMPANY LTD.,21,0,0,21,93.9,2132,0.0,0.0
OP0048,CENTURION PROPERTY ASSOCIATES INC.,20,0,1,19,94.6,1466,0.0,0.05
OP0049,M&R PROPERTY MANAGEMENT,20,0,0,20,94.5,3559,0.0,0.0
OP0050,CROMWELL MANAGEMENT INC.,20,0,0,20,95.2,2098,0.0,0.0
OP0051,FIRM CAPITAL PROPERTIES INC,19,0,4,15,88.4,1054,0.0,0.211
OP0052,HOLLYBURN PROPERTIES LTD,19,0,0,19,93.0,1297,0.0,0.0
OP0053,DEL MANAGEMENT,18,0,2,16,89.7,2922,0.0,0.111
OP0054,COMPTEN MANAGEMENT INC.,16,0,2,14,91.8,2181,0.0,0.125
OP0055,MINTO PROPERTIES INC.,15,0,0,15,96.2,2593,0.0,0.0
OP0056,Q RESIDENTIAL,14,0,0,14,93.6,2638,0.0,0.0
OP0057,NORTH 44 PROPERTY MANAGEMENT INC,13,0,7,6,83.5,452,0.0,0.538
OP0058,WJ PROPERTIES,13,0,1,12,91.7,1767,0.0,0.077
OP0059,THE BROWN GROUP OF COMPANIES INC.,13,0,1,12,93.6,1716,0.0,0.077
OP0060,PRINCESS MANAGEMENT,12,0,0,12,96.3,1902,0.0,0.0
OP0061,THREE R PROPERTY MANAGEMENT CORPORATION,12,0,0,12,94.4,935,0.0,0.0
OP0062,MORGUARD RESIDENTIAL,11,0,8,3,82.6,396,0.0,0.727
OP0063,KNRS PROPERTIES INC,11,0,1,10,92.2,167,0.0,0.091
OP0064,ARCANOS PROPERTY MANAGEMENT CORPORATION,10,0,2,8,89.5,1084,0.0,0.2
OP0065,KG GROUP,10,0,0,10,98.2,1050,0.0,0.0
OP0066,RHAPSODY PROPERTY MANAGEMENT SERVICES,10,0,0,10,97.8,3187,0.0,0.0
OP0067,MONTEREY PARK INC.,9,0,0,9,93.6,628,0.0,0.0
OP0068,HAZELVIEW PROPERTIES,9,0,3,6,89.0,836,0.0,0.333
OP0069,LANDLORD PROPERTY & RENTAL MANAGEMENT INC,9,0,1,8,88.8,206,0.0,0.111
OP0070,BEAUX PROPERTIES MANAGEMENT,9,0,1,8,89.4,1680,0.0,0.111
OP0071,WESTHAVEN PROPERTY MANAGEMENT INC.,9,0,3,6,86.6,109,0.0,0.333
OP0072,FLORIRI VILLAGE INVESTMENTS INC,9,0,0,9,99.4,180,0.0,0.0
OP0073,BENTALLGREENOAK,9,0,0,9,94.7,1266,0.0,0.0
OP0074,IMPERRA GENERAL MANAGMENT,8,0,0,8,96.2,352,0.0,0.0
OP0075,MINT ASSET MANAGEMENT LTD,8,0,6,2,79.9,136,0.0,0.75
OP0076,HOMES FIRST SOCIETY,8,0,2,6,89.9,258,0.0,0.25
OP0077,ANCHOR PROPERTY MANAGERS INC,8,0,1,7,91.0,135,0.0,0.125
OP0078,HAZELVIEW PROPERTIES SERVICES INC.,8,0,0,8,95.0,358,0.0,0.0
OP0079,LAWRENCE CONSTRUCTION CO. LIMITED,8,0,0,8,94.6,516,0.0,0.0
OP0080,SITELINE RESIDENTIAL MANAGEMENT INC.,7,0,0,7,93.1,512,0.0,0.0
OP0081,CENTRAL ERIN PROPERTY MANAGEMENT,7,0,0,7,92.9,344,0.0,0.0
OP0082,WIGWAMEN INCORPORATED,7,0,0,7,98.3,557,0.0,0.0
OP0083,AYKLER REAL ESTATE INC.,7,0,1,6,92.3,679,0.0,0.143
OP0084,ORCHARD PARK PROPERTY MANAGEMENT,7,0,0,7,92.0,145,0.0,0.0
OP0085,CASTLEHILL PROPERTY MANAGEMENT,7,0,3,4,86.1,134,0.0,0.429
OP0086,IMPERRA GENERAL MANAGEMENT,7,0,1,6,88.3,281,0.0,0.143
OP0087,WEST WOOD HOLDING INC,7,0,3,4,88.9,160,0.0,0.429
OP0088,SILVERCORE PROPERTIES INC,7,0,2,5,87.3,308,0.0,0.286
OP0089,N.H.D. DEVELOPMENTS LIMITED,7,0,6,1,80.7,1323,0.0,0.857
OP0090,"MANTLER, BOWMAN AND ASSOCIATES INC.",7,0,0,7,92.3,179,0.0,0.0
OP0091,C/O METCAP LIVING MANAGEMENT INC,7,0,3,4,88.9,145,0.0,0.429
OP0092,GILINDO MARCOCCHIO LIMITED,7,0,0,7,94.9,254,0.0,0.0
OP0093,CAPREIT LIMITED PARTNERSHIP,7,0,1,6,90.4,382,0.0,0.143
OP0094,AMAZ PROPERTY MANAGEMENT,6,0,1,5,86.2,816,0.0,0.167
OP0095,GOSSNER & HORNAR MANAGEMENT LTD.,6,0,0,6,91.5,379,0.0,0.0
OP0096,PROPERTY SERVICES INC.,6,0,4,2,82.2,237,0.0,0.667
OP0097,BIDDINGTON PROPERTY MANAGEMENT CORP.,6,0,0,6,93.5,363,0.0,0.0
OP0098,GWLRA RESIDENTIAL,6,0,0,6,91.5,1654,0.0,0.0
OP0099,ADVENT PROPERTY MANAGEMENT SERVICES LTD.,6,0,0,6,92.0,386,0.0,0.0
OP0100,AKELIUS,6,0,0,6,92.7,528,0.0,0.0
OP0101,CLV GROUP,6,0,0,6,91.3,510,0.0,0.0
OP0102,QMW PROPERTIES INC.,6,0,2,4,85.7,177,0.0,0.333
OP0103,MORGUARD CORPORATION,6,0,0,6,94.2,1929,0.0,0.0
OP0104,AFFORDABLE PROPERTY MANAGEMENT,6,0,2,4,88.3,652,0.0,0.333
OP0105,COLONIA TREUHAND MANAGEMENT INC.,6,0,0,6,95.0,440,0.0,0.0
OP0106,HIGH VALUE CONSULTANTS LTD,6,0,0,6,98.5,163,0.0,0.0
OP0107,COGIR MANAGEMENT CORPORATION GP,6,0,0,6,96.0,869,0.0,0.0
OP0108,FALCONWIN PROPERTY MNG,6,0,1,5,88.8,75,0.0,0.167
OP0109,QUADREAL RESIDENTIAL PROPERTIES G.P. INC.,6,0,0,6,93.0,957,0.0,0.0
OP0110,SCHICKEDANZ BROS. PROPERTIES,6,0,0,6,92.5,1062,0.0,0.0
OP0111,LAW PROPERTY MANAGEMENT,6,0,0,6,92.2,119,0.0,0.0
OP0112,PERFORMANCE PROPERTY MANAGEMENT INC.,5,0,3,2,81.0,134,0.0,0.6
OP0113,BROSKO PROPERTY MANAGEMENT,5,0,0,5,93.4,296,0.0,0.0
OP0114,1597180 ONTARIO INC,5,0,0,5,94.8,787,0.0,0.0
OP0115,MYRIAD PROPERTY MANAGEMENT,5,0,0,5,91.6,650,0.0,0.0
OP0116,N/A,5,0,2,3,88.6,86,0.0,0.4
OP0117,EZ PROPERTY MANAGEMENT LTD,5,0,0,5,94.0,125,0.0,0.0
OP0118,AYKLER MANAGEMENT,5,0,0,5,93.8,508,0.0,0.0
OP0119,QUADREAL PROPERTY GROUP,5,0,0,5,91.2,1660,0.0,0.0
OP0120,RPMS,5,0,0,5,95.6,1939,0.0,0.0
OP0121,WELLESLEY PARLIAMENT SQUARE LTD.,5,0,1,4,90.8,2639,0.0,0.2
OP0122,VALOUR MANAGEMENT INC.,5,0,2,3,84.2,157,0.0,0.4
OP0123,GORBAY COMPANY LIMITED,5,0,0,5,89.2,203,0.0,0.0
OP0124,PSN PROPERTIES INC.,5,0,0,5,88.2,691,0.0,0.0
OP0125,IPG MANAGEMENT GROUP,5,0,1,4,88.4,99,0.0,0.2
OP0126,RAM-LAND PROPERTY MANAGEMENT,5,0,0,5,95.0,55,0.0,0.0
OP0127,ORCHARD APARTMENTS (BLOOR) INC,5,0,0,5,92.6,121,0.0,0.0
OP0128,TRICON RESIDENTIAL INC,5,0,0,5,99.8,1240,0.0,0.0
OP0129,TRAVI INC.,4,0,1,3,90.2,177,0.0,0.25
OP0130,FALCO PROPERTIES,4,0,3,1,78.5,483,0.0,0.75
OP0131,NORTHVIEW APARTMENT REIT,4,0,2,2,85.8,330,0.0,0.5
OP0132,KPM KINGSWAY PROPERTY MANAGEMENT,4,0,1,3,90.0,177,0.0,0.25
OP0133,ULRICH PROPERTIES LTD.,4,0,0,4,93.5,144,0.0,0.0
OP0134,LIVING PROPERTIES INC.,4,0,1,3,90.2,236,0.0,0.25
OP0135,MPM INC.,4,0,4,0,77.8,81,0.0,1.0
OP0136,FIDELITY PROPERTY MANAGEMENT LTD,4,0,0,4,91.8,616,0.0,0.0
OP0137,MAPLE LEAF PROPERTY MANAGEMENT,4,0,2,2,85.8,1059,0.0,0.5
OP0138,DAVPART INC,4,0,0,4,91.8,303,0.0,0.0
OP0139,WESTSIDE STOREYS LIMITED,4,0,0,4,92.5,148,0.0,0.0
OP0140,ADAMS AND WAKS CONSTRUCTION LTD,4,0,0,4,91.2,203,0.0,0.0
OP0141,PERGOS DEVELOPMENTS,4,0,0,4,91.0,148,0.0,0.0
OP0142,ECUHOME CORPORATION,4,0,0,4,93.0,125,0.0,0.0
OP0143,MIRAMAR PROPERTY MANAGEMENT,4,0,1,3,89.5,86,0.0,0.25
OP0144,FIRM CAPITAL,4,0,1,3,88.0,168,0.0,0.25
OP0145,BETTER LIVING HOMES INC.,4,0,1,3,87.2,322,0.0,0.25
OP0146,ST. CLARE'S MULTIFAITH HOUSING SOCIETY,4,0,3,1,84.0,607,0.0,0.75
OP0147,"ATLANTIS REALTY SERVICES, INC.",4,0,0,4,95.2,185,0.0,0.0
OP0148,DASH PROPERTY MANAGEMENT,4,0,1,3,88.0,65,0.0,0.25
OP0149,AZURIA GROUP INCORPORATED,4,0,3,1,86.2,576,0.0,0.75
OP0150,NORTH EDGE PROPERTIES LTD.,4,0,1,3,92.2,1099,0.0,0.25
OP0151,AMELIN PROPERTY MANAGEMENT,4,0,0,4,89.8,650,0.0,0.0
OP0152,GREENROCK PROPERTY MANAGEMENT LIMITED,4,0,0,4,88.8,1152,0.0,0.0
OP0153,JB APARTMENT HOLDINGS,4,0,1,3,92.8,126,0.0,0.25
OP0154,GOLFOUR PROPERTY SERVICES INC.,4,0,0,4,95.0,222,0.0,0.0
OP0155,NOVI PROPERTIES,4,0,2,2,87.5,723,0.0,0.5
OP0156,MORGUARD NAR CANADA L.P,4,0,3,1,82.0,1541,0.0,0.75
OP0157,DRAKE PROPERTY MANAGEMENT,4,0,4,0,76.8,376,0.0,1.0
OP0158,JENNIC INVESTMENTS INC.,4,0,1,3,85.0,108,0.0,0.25
OP0159,1846022 ONTARIO LIMITED,4,0,0,4,91.2,160,0.0,0.0
OP0160,KIPLING RESIDENTIAL MANAGEMENT INC,4,0,0,4,93.5,817,0.0,0.0
OP0161,R A B PROPERTIES LIMITED,4,0,2,2,85.5,633,0.0,0.5
OP0162,33 FLAMBOROUGH INC,4,0,0,4,98.0,43,0.0,0.0
OP0163,EXCEL PROPERTY MANAGEMENT,4,0,0,4,91.8,55,0.0,0.0
OP0164,SHIPLAKE PROPERTIES LTD.,4,0,0,4,98.8,1105,0.0,0.0
OP0165,RHAPSODY PROPERTY MANAGEMENT,4,0,0,4,99.0,1345,0.0,0.0
OP0166,LANDLORD PROPERTY & RENTAL MGMNT IC,3,0,0,3,88.7,62,0.0,0.0
OP0167,KINGS COLLEGE MANAGEMENT LIMITED,3,0,0,3,94.0,254,0.0,0.0
OP0168,SIGMA CANADA INC.,3,0,0,3,91.3,82,0.0,0.0
OP0169,NA,3,0,1,2,83.3,244,0.0,0.333
OP0170,PARKWOODS MANAGEMENT,3,0,1,2,87.3,193,0.0,0.333
OP0171,RYDEL MANAGEMENT INC.,3,0,0,3,89.3,165,0.0,0.0
OP0172,SHELBORNE PROPERTY MANAGEMENT INC,3,0,1,2,89.3,213,0.0,0.333
OP0173,ALTO PROPERTIES INC.,3,0,2,1,86.7,56,0.0,0.667
OP0174,SKYVIEW MANAGEMENT LTD.,3,0,0,3,92.7,182,0.0,0.0
OP0175,G & S REGAL MANAGEMENT LIMITED,3,0,3,0,84.0,659,0.0,1.0
OP0176,CANLIGHT MANAGEMENT INC.,3,0,1,2,83.3,170,0.0,0.333
OP0177,DSM INVESTMENT GROUP LIMITED,3,0,0,3,94.0,62,0.0,0.0
OP0178,NEIGHBOURS NON-PROFIT HOMES,3,0,0,3,87.7,103,0.0,0.0
OP0179,OZ PROPERTY MANAGEMENT LTD,3,0,2,1,86.0,249,0.0,0.667
OP0180,SMARTSELL MARKETING,3,0,2,1,84.7,37,0.0,0.667
OP0181,LOFT COMMUNITY SERVICES,3,0,0,3,97.0,204,0.0,0.0
OP0182,GLEN CORPORATION,3,0,0,3,95.3,290,0.0,0.0
OP0183,BERNADA PROPERTIES,3,0,1,2,87.0,654,0.0,0.333
OP0184,CONCERT REALTY SERVICES LTD.,3,0,0,3,98.7,1028,0.0,0.0
OP0185,YWCA TORONTO,3,0,0,3,89.7,368,0.0,0.0
OP0186,965441 ONTARIO LIMITED,3,0,1,2,88.3,92,0.0,0.333
OP0187,FALCONWIN PROPERTY MANAGEMENT,3,0,1,2,83.7,545,0.0,0.333
OP0188,NEIGHBOURHOOD LINK HOMES,3,0,0,3,92.0,305,0.0,0.0
OP0189,HD PROPERTY MANAGEMENT,3,0,1,2,88.3,57,0.0,0.333
OP0190,DENWIN INVESTMENTS LIMITED,3,0,0,3,97.7,144,0.0,0.0
OP0191,JERUDAN DEVELOPMENTS LIMITED,3,0,0,3,90.3,158,0.0,0.0
OP0192,GOLDVIEW PROPERTY MANAGEMENT LTD.,3,0,0,3,92.7,106,0.0,0.0
OP0193,VESTA MANAGEMENT INC,3,0,0,3,93.3,98,0.0,0.0
OP0194,GRANVIEW PROPERTY MANAGEMENT,3,0,1,2,88.3,150,0.0,0.333
OP0195,CONNAUGHT YONGE SQUARE LIMITED,3,0,0,3,93.7,355,0.0,0.0
OP0196,AGC GROUP LTD,3,0,0,3,89.0,126,0.0,0.0
OP0197,ROYAL LEPAGE SIGNATURE REALTY,3,0,0,3,91.0,163,0.0,0.0
OP0198,CANAL PROPERTY MANAGEMENT,3,0,1,2,89.0,130,0.0,0.333
OP0199,ROYAL DOWNS DEVELOPMENT LIMITED,3,0,1,2,92.3,104,0.0,0.333
OP0200,NONE,3,0,1,2,86.7,39,0.0,0.333
OP0201,MARSHA SWITZER,3,0,0,3,91.3,56,0.0,0.0
OP0202,MODEL BUILDING MAINTENANCE INC,3,0,0,3,93.7,105,0.0,0.0
OP0203,EMBEE PROPERTIES LIMITED,3,0,0,3,97.7,276,0.0,0.0
OP0204,VILLA CHARITIES INC,3,0,0,3,97.0,635,0.0,0.0
OP0205,SUMMA PROPERTY MANAGEMENT,3,0,1,2,88.3,88,0.0,0.333
OP0206,VIRON PROPERTIES INC.,3,0,0,3,98.0,254,0.0,0.0
OP0207,LINWOOD MANAGEMENT CORPORATION,3,0,1,2,89.3,171,0.0,0.333
OP0208,GRAYDON HALL APARTMENTS - GH CAPITAL CORPORATION,3,0,0,3,95.7,888,0.0,0.0
OP0209,FUTURE WEST LIVING,3,0,0,3,95.3,96,0.0,0.0
OP0210,PHC INC.,3,0,0,3,96.0,102,0.0,0.0
OP0211,OLYMPIA PROPERTIES INC.,3,0,0,3,94.3,72,0.0,0.0
OP0212,SIX POINTS SUITES INC.,3,0,0,3,89.0,135,0.0,0.0
OP0213,STEELHOUSE PROPERTIES INC.,3,0,0,3,94.7,51,0.0,0.0
OP0214,ORCHARD APARTMENTS (SOUTH KINGSWAY) INC.,3,0,0,3,95.0,127,0.0,0.0
OP0215,1564534 ONTARIO LTD,3,0,0,3,97.0,42,0.0,0.0
OP0216,RONKAY MANAGEMENT INC.,3,0,0,3,96.0,416,0.0,0.0
OP0217,ST. JUDE COMMUNITY HOMES,3,0,0,3,94.3,87,0.0,0.0
OP0218,RADAR PROPERTY MANAGEMENT INC,3,0,0,3,93.0,36,0.0,0.0
OP0219,1789331 ONTARIO LIMITED,3,0,0,3,93.3,80,0.0,0.0
OP0220,POTOMAC CONSTRUCTION LIMITED,2,0,0,2,93.0,103,0.0,0.0
OP0221,PELL HOMES REAL ESTATE INC,2,0,1,1,86.0,21,0.0,0.5
OP0222,YAD INVESTMENTS LTD,2,0,2,0,83.5,220,0.0,1.0
OP0223,CENTURY HOLDINGS LTD.,2,0,0,2,89.5,135,0.0,0.0
OP0224,2585276 ONTARIO LIMITED,2,0,2,0,83.5,144,0.0,1.0
OP0225,PAUL THORNTON,2,0,0,2,93.5,43,0.0,0.0
OP0226,ACCADIA APARTMENTS,2,0,0,2,93.0,91,0.0,0.0
OP0227,SELF MANAGED,2,0,1,1,88.5,396,0.0,0.5
OP0228,GABRIEL DUMONT NON-PROFIT HOMES,2,0,1,1,85.0,80,0.0,0.5
OP0229,"PRESTON GROUP - TORONTO, ON",2,0,0,2,95.0,536,0.0,0.0
OP0230,17A PROPERTIES,2,0,1,1,82.0,47,0.0,0.5
OP0231,BIDDINGTON PROPERTY MANAGMENT CORP,2,0,0,2,94.0,36,0.0,0.0
OP0232,2054138 ONTARIO LTD,2,0,0,2,90.0,32,0.0,0.0
OP0233,LA VALETTE PROPERTY MANAGEMENT,2,0,1,1,83.0,51,0.0,0.5
OP0234,LOYOLA ARRUPE CORPORATION,2,0,0,2,99.0,155,0.0,0.0
OP0235,IMTRADEX CORP,2,0,2,0,81.0,33,0.0,1.0
OP0236,HOLT MEADOW PROPERTY MANAGEMENT CORP.,2,0,1,1,84.0,48,0.0,0.5
OP0237,ZERIN DEVELOPMENT CORPORATION,2,0,2,0,79.0,34,0.0,1.0
OP0238,ST MATTHEWS BRACONDALE HOUSE,2,0,0,2,91.5,148,0.0,0.0
OP0239,PAR-MED PROPERTY SERVICES INC.,2,0,0,2,94.0,130,0.0,0.0
OP0240,FRED VICTOR CENTRE,2,0,0,2,95.5,184,0.0,0.0
OP0241,BRADLEY COURT LTD.,2,0,1,1,87.0,362,0.0,0.5
OP0242,SPICECART PROPERTY MANAGEMENT,2,0,0,2,88.5,83,0.0,0.0
OP0243,HOUSES OPENING TODAY TORONTO INC.,2,0,0,2,91.0,104,0.0,0.0
OP0244,SK PROPERTIES & DEVELOPMENT INC,2,0,0,2,95.0,117,0.0,0.0
OP0245,TOBIS INVESTMENTS INC.,2,0,0,2,93.0,122,0.0,0.0
OP0246,WESTWOOD HOLDINGS INC.,2,0,1,1,90.5,56,0.0,0.5
OP0247,LINFRED INVESTMENTS,2,0,0,2,90.0,30,0.0,0.0
OP0248,EQUITON LIVING,2,0,0,2,93.5,113,0.0,0.0
OP0249,NEW FRONTIERS ABORIGINAL RESIDENTIAL CORPORATION,2,0,0,2,98.0,74,0.0,0.0
OP0250,ESBIN PROPERTY MANAGEMENT INC.,2,0,0,2,86.5,90,0.0,0.0
OP0251,YONGE PLEASANT HOLDINGS LIMITED,2,0,0,2,95.0,326,0.0,0.0
OP0252,FRASTELL PROPERTY MANAGEMENT INC,2,0,0,2,99.0,326,0.0,0.0
OP0253,JDM APARTMENTS INC,2,0,2,0,73.5,39,0.0,1.0
OP0254,ORIOLE COURT MANAGEMENT,2,0,1,1,83.5,26,0.0,0.5
OP0255,EQUITY RESIDENTIAL INC,2,0,1,1,89.0,53,0.0,0.5
OP0256,FIDES REAL ESTATE LIMITED,2,0,2,0,78.5,187,0.0,1.0
OP0257,ELDEBRON HOLDINGS LIMITED,2,0,1,1,85.5,221,0.0,0.5
OP0258,GLENDALE PROPERTIES INC.,2,0,1,1,81.5,30,0.0,0.5
OP0259,RKH INVESTMENT LTD,2,0,1,1,79.0,54,0.0,0.5
OP0260,OLIVE CORP.,2,0,0,2,92.0,55,0.0,0.0
OP0261,POLOCO HOLDINGS INC.,2,0,0,2,91.5,32,0.0,0.0
OP0262,OCTOPUS INVESTMENT CORP,2,0,0,2,89.5,55,0.0,0.0
OP0263,WOODGREEN COMMUNITY SERVICES,2,0,0,2,95.0,254,0.0,0.0
OP0264,ENDERBY DEVELOPMENTS LIMITED,2,0,0,2,93.5,273,0.0,0.0
OP0265,ROBERT SLIGHTHAM,2,0,0,2,98.5,38,0.0,0.0
OP0266,ROXBOROUGH COMMUNITIES,2,0,1,1,84.5,20,0.0,0.5
OP0267,PJJASLAR HOLDINGS - WESTRIDGE PROPERTIES LP,2,0,0,2,90.0,114,0.0,0.0
OP0268,PRESIDENTIAL MSH CORPORATION,2,0,0,2,97.5,130,0.0,0.0
OP0269,BGO,2,0,1,1,90.0,496,0.0,0.5
OP0270,LAURENTIA APARTMENTS LTD.,2,0,1,1,83.0,171,0.0,0.5
OP0271,BARNEY RIVER,2,0,2,0,77.5,421,0.0,1.0
OP0272,CINTREX PROPERTY MANAGEMENT,2,0,1,1,87.5,22,0.0,0.5
OP0273,TEK INVESTMENT,2,0,0,2,90.0,24,0.0,0.0
OP0274,592182 ONTARIO LIMITED,2,0,0,2,92.5,59,0.0,0.0
OP0275,2585277 ONTARIO LIMITED,2,0,0,2,93.0,84,0.0,0.0
OP0276,S & T INC,2,0,1,1,85.5,35,0.0,0.5
OP0277,MECKK PROPERTIES LIMITED,2,0,1,1,85.0,25,0.0,0.5
OP0278,DEVNETT COMPANY,2,0,1,1,84.5,21,0.0,0.5
OP0279,NMR PROPERTIES,2,0,0,2,94.5,22,0.0,0.0
OP0280,D AND D MANAGEMENT,2,0,0,2,93.0,40,0.0,0.0
OP0281,626114/5 ONTARIO LTD,2,0,0,2,89.5,52,0.0,0.0
OP0282,SUNRISE PROPERTY MANAGEMENT,2,0,0,2,85.0,100,0.0,0.0
OP0283,G.L.G. DEVELOPMENTS LTD.,2,0,0,2,96.5,59,0.0,0.0
OP0284,MARBROOK DEVELOPMENTS LTD.,2,0,0,2,93.0,364,0.0,0.0
OP0285,TANDEM PROPERTY MANAGEMENT INC,2,0,0,2,90.0,643,0.0,0.0
OP0286,FIELDGATE PROPERTIES,2,0,0,2,91.0,269,0.0,0.0
OP0287,WYCLIFFE PROPERTY MANAGEMENT LIMITED,2,0,1,1,85.5,334,0.0,0.5
OP0288,BATHCLAIR PROPERTIES INC.,2,0,0,2,92.5,48,0.0,0.0
OP0289,ASTROID MANAGEMENT LTD.,2,0,2,0,81.0,57,0.0,1.0
OP0290,2204 - 2208 DUFFERIN INC.,2,0,1,1,80.5,46,0.0,0.5
OP0291,EICHLER GILBERT PROPERTIES LTD.,2,0,0,2,91.5,52,0.0,0.0
OP0292,7774001 CANADA INC.,2,0,0,2,87.0,62,0.0,0.0
OP0293,WOOLNER HOLDINGS INC,2,0,0,2,88.5,492,0.0,0.0
OP0294,TIVOLI TOWERS,2,0,0,2,89.0,260,0.0,0.0
OP0295,RONCI MANAGEMENT,2,0,0,2,92.5,51,0.0,0.0
OP0296,HASOULAS PROPERTY MANAGEMENT CORPORATION HPHC,2,0,0,2,93.5,68,0.0,0.0
OP0297,T.A.S.K. PROPERTY MANAGEMENT INC.,2,0,0,2,97.0,96,0.0,0.0
OP0298,FREIMAN INVESTMENTS,2,0,0,2,89.5,84,0.0,0.0
OP0299,WESTWOOD MANAGEMENT INTERNATIONAL,2,0,0,2,93.5,537,0.0,0.0
OP0300,BOULEVARD MANAGEMENT LTD.,2,0,0,2,95.0,243,0.0,0.0
OP0301,DIXON HOLDINGS,2,0,1,1,83.0,290,0.0,0.5
OP0302,NORTH PARK HOLDINGS INC.,2,0,0,2,97.5,29,0.0,0.0
OP0303,WESTMALL INVESTMENTS,2,0,0,2,92.5,281,0.0,0.0
OP0304,KROMA MANAGEMENT LIMITED,2,0,0,2,92.5,49,0.0,0.0
OP0305,SUMMIT HOLDINGS,2,0,0,2,96.0,283,0.0,0.0
OP0306,WINZEN CORPORATION,2,0,0,2,90.5,125,0.0,0.0
OP0307,1241676 ONTARIO INC,2,0,0,2,92.0,455,0.0,0.0
OP0308,MAYER INVESTMENTS LIMITED,2,0,0,2,93.0,102,0.0,0.0
OP0309,CZAPLA INVESTMENTS LTD.,2,0,0,2,91.5,28,0.0,0.0
OP0310,MAHOGANY MANAGEMENT,2,0,1,1,88.5,81,0.0,0.5
OP0311,REDWOOD PROPERTIES,2,0,0,2,93.5,252,0.0,0.0
OP0312,1 SUPERIOR LIMITED PARTNERSHIP,2,0,0,2,90.5,85,0.0,0.0
OP0313,NIOT INVESTMENT HOLDINGS LIMITED,2,0,0,2,98.0,130,0.0,0.0
OP0314,GWLRA,2,0,0,2,95.5,418,0.0,0.0
OP0315,CHURCH 18 HOLDINGS INC.,2,0,1,1,85.0,27,0.0,0.5
OP0316,WESTON PROPERTY MANAGEMENT,2,0,2,0,81.5,491,0.0,1.0
OP0317,FRED HAGEMAN'S HOLDINGS LTD.,2,0,0,2,90.0,236,0.0,0.0
OP0318,ASP SUNRISE LIMITED,2,0,0,2,89.5,33,0.0,0.0
OP0319,741476 ONTARIO INC.,2,0,2,0,80.5,29,0.0,1.0
OP0320,BROOKFIELD PROPERTIES,2,0,0,2,91.0,700,0.0,0.0
OP0321,NISHNAWBE HOMES INC,2,0,0,2,90.5,44,0.0,0.0
OP0322,CRECCAL INVESTMENTS LTD,2,0,0,2,95.0,1095,0.0,0.0
OP0323,NIVIST DEVELOPMENTS LTD,2,0,0,2,87.5,22,0.0,0.0
OP0324,TRICON,2,0,0,2,99.0,789,0.0,0.0
OP0325,PRUDENCE MANAGEMENT INC.,2,0,0,2,91.5,30,0.0,0.0
OP0326,FITZROVIA REAL ESTATE INC,2,0,0,2,99.5,515,0.0,0.0
OP0327,BENTALLGREENOAK RESIDENTIAL SERVICES,2,0,0,2,100.0,579,0.0,0.0
OP0328,CRESTVIEW INVESTMENT CORPORATION C/O LAWRENCE CONSTRUCTION CO LIMITED,2,0,0,2,90.5,20,0.0,0.0
OP0329,DBS COMMUNITIES,2,0,0,2,99.0,484,0.0,0.0
OP0330,ONTARI HOLDINGS LTD AND 88 QUEEN FITZROVIA INC,2,0,0,2,100.0,542,0.0,0.0
OP0331,ALTIMA PROPERTIES,1,0,0,1,91.0,21,0.0,0.0
OP0332,MERKUR PROPERTIES C/O GREENWIN CORP.,1,0,0,1,93.0,34,0.0,0.0
OP0333,PARKETTE PLACE APTS INC.,1,0,0,1,93.0,61,0.0,0.0
OP0334,HILLBURN APARTMENTS,1,0,0,1,93.0,238,0.0,0.0
OP0335,BIANCA PROPERTIES INC.,1,0,0,1,85.0,11,0.0,0.0
OP0336,"MENICUCCI, MARIO; MENICUCCI, IVA; MENICUCCI, POMPILIO; MENICUCCI, FRANCES",1,0,0,1,91.0,37,0.0,0.0
OP0337,PARKVIEW PROPERTIES INC,1,0,0,1,93.0,30,0.0,0.0
OP0338,AVENUE PLACE LTD.,1,0,0,1,86.0,34,0.0,0.0
OP0339,JOCHIN INVESTMENTS,1,0,0,1,95.0,36,0.0,0.0
OP0340,DANAM LIMITED,1,0,0,1,93.0,67,0.0,0.0
OP0341,FUTURE WEST,1,0,0,1,93.0,54,0.0,0.0
OP0342,EICHLER PROPERTIES LTD.,1,0,1,0,83.0,35,0.0,1.0
OP0343,MIDLAND PLACE INC,1,0,0,1,90.0,67,0.0,0.0
OP0344,ALDEBRAIN ATTENDANT CARE SERVICES OF TORONTO,1,0,0,1,92.0,243,0.0,0.0
OP0345,2780964 ONTARIO LIMITED,1,0,0,1,91.0,36,0.0,0.0
OP0346,2858866 ONTARIO LIMITED,1,0,0,1,93.0,36,0.0,0.0
OP0347,DIXLAND APARTMENTS LTS.,1,0,0,1,97.0,36,0.0,0.0
OP0348,"MENICUCCI, POMPILIO; MENICUCCI, FRANCES; MENICUCCI, MARIO; MENICUCCI, IVA",1,0,0,1,91.0,30,0.0,0.0
OP0349,2293 EGLINTON LP,1,0,0,1,90.0,118,0.0,0.0
OP0350,709 KENNEDY HOLDINGS,1,0,0,1,94.0,79,0.0,0.0
OP0351,GLOBAL PROPERTIES LTD,1,0,1,0,84.0,79,0.0,1.0
OP0352,KOVACS INVESTMENTS LTD,1,0,0,1,88.0,18,0.0,0.0
OP0353,MPC PROPERTIES INC.,1,0,1,0,72.0,34,0.0,1.0
OP0354,508 DAWES RD. LTD.,1,0,0,1,91.0,62,0.0,0.0
OP0355,GOLDEN PLAZA LTD.,1,0,1,0,75.0,82,0.0,1.0
OP0356,PRESCOTT APTS. INC.,1,0,0,1,93.0,26,0.0,0.0
OP0357,COMER GROUP LIMITED,1,0,1,0,72.0,64,0.0,1.0
OP0358,LORAVIEW HOLDINGS INC.,1,0,0,1,95.0,65,0.0,0.0
OP0359,JACK GOODLAD SENIOR CITIZEN RESIDENCES CORPORATION,1,0,0,1,95.0,170,0.0,0.0
OP0360,PIC PROPERTY MANAGEMENT,1,0,0,1,87.0,181,0.0,0.0
OP0361,CEDARBRAE TOWERS WEST MANAGEMENT,1,0,0,1,94.0,60,0.0,0.0
OP0362,HOMESKY PROPERTIES INC.,1,0,1,0,83.0,149,0.0,1.0
OP0363,1 BRIMLEY APTS. INC.,1,0,0,1,91.0,58,0.0,0.0
OP0364,MOMIJI SENIORS RESIDENCE,1,0,0,1,89.0,133,0.0,0.0
OP0365,BEST RANK INVESTMENTS,1,0,0,1,92.0,166,0.0,0.0
OP0366,PREMAX MANAGEMENT LIMITED,1,0,1,0,78.0,221,0.0,1.0
OP0367,LEARON LIMITED,1,0,1,0,84.0,74,0.0,1.0
OP0368,DOVERHOLD INESTMENT LTD.,1,0,0,1,89.0,188,0.0,0.0
OP0369,GREENWIN ICORP.,1,0,0,1,97.0,200,0.0,0.0
OP0370,UPERSIDE APARTMENTS LTD,1,0,1,0,84.0,164,0.0,1.0
OP0371,UPPRESIDEAPARTMENTS LTD,1,0,0,1,89.0,147,0.0,0.0
OP0372,WEST HILL MANOR,1,0,0,1,91.0,38,0.0,0.0
OP0373,1001175316 ONTARIO LIMITED,1,0,1,0,72.0,107,0.0,1.0
OP0374,AGINCOURT APARTMENTS,1,0,1,0,83.0,52,0.0,1.0
OP0375,NANAK HOLDINGS INC.,1,0,0,1,92.0,246,0.0,0.0
OP0376,TCH- COMMERTIAL,1,0,0,1,97.0,124,0.0,0.0
OP0377,AMAN'S RENOVATIONS & PROPERTY MANAGEMENT,1,0,0,1,89.0,38,0.0,0.0
OP0378,NIL,1,0,1,0,81.0,19,0.0,1.0
OP0379,1066362 ONTARIO LTD O/A LYVE PROPERTIES,1,0,0,1,91.0,35,0.0,0.0
OP0380,VILNIUS MANOR,1,0,0,1,96.0,115,0.0,0.0
OP0381,DMI PROPERTY MANAGEMENT INC.,1,0,0,1,95.0,233,0.0,0.0
OP0382,2151764 ONTARIO LTD.,1,0,0,1,94.0,19,0.0,0.0
OP0383,TYNDALL MANOR,1,0,0,1,94.0,39,0.0,0.0
OP0384,PARKDALE UNITED CHURCH FOUNDATION INC.,1,0,0,1,98.0,136,0.0,0.0
OP0385,KSM INVESTMENT LTD,1,0,1,0,76.0,18,0.0,1.0
OP0386,PEGASUS GROUP,1,0,1,0,70.0,15,0.0,1.0
OP0387,TSB (THE SILVER BRUSH),1,0,1,0,74.0,38,0.0,1.0
OP0388,PARKDALE PROPERTY MANAGMENT,1,0,0,1,90.0,29,0.0,0.0
OP0389,AKELIUSCANADALTD,1,0,0,1,93.0,27,0.0,0.0
OP0390,ST. FELIX CENTRE,1,0,0,1,93.0,36,0.0,0.0
OP0391,APARTMENT PROPERTY MANAGEMENT CORP.,1,0,0,1,91.0,61,0.0,0.0
OP0392,1169676 ONTARIO LTD,1,0,0,1,87.0,96,0.0,0.0
OP0393,1173283 ONTARIO LIMITED,1,0,0,1,94.0,77,0.0,0.0
OP0394,OWNER MANAGED,1,0,1,0,80.0,18,0.0,1.0
OP0395,HOWARD & ASSOCIATES,1,0,0,1,94.0,72,0.0,0.0
OP0396,TGA MANAGEMENT SERVICES,1,0,0,1,93.0,12,0.0,0.0
OP0397,ARISTOCRAT PROPERTY MANAGEMENT,1,0,0,1,86.0,38,0.0,0.0
OP0398,1584062 ONTARIO LTD.,1,0,1,0,83.0,15,0.0,1.0
OP0399,JDC PROPERTY MANAGEMENT INC.,1,0,0,1,94.0,19,0.0,0.0
OP0400,GBS PROPERTIES LTD.,1,0,1,0,80.0,30,0.0,1.0
OP0401,1298781 ONTARIO INC,1,0,0,1,86.0,352,0.0,0.0
OP0402,GA INVESTMENTS,1,0,0,1,90.0,23,0.0,0.0
OP0403,PROPERTY MANAGEMENT GATEWAY,1,0,0,1,92.0,44,0.0,0.0
OP0404,2153244 ONTARIO INC,1,0,0,1,85.0,16,0.0,0.0
OP0405,VILLA LUSO NON PROFIT HOUSING CORP,1,0,0,1,98.0,149,0.0,0.0
OP0406,GULBURG INC.,1,0,0,1,87.0,27,0.0,0.0
OP0407,LVOV,1,0,0,1,95.0,11,0.0,0.0
OP0408,HAVELOCK APARTMENTS,1,0,1,0,81.0,18,0.0,1.0
OP0409,CHARLES DIEU,1,0,0,1,90.0,11,0.0,0.0
OP0410,CROMEWLL MANAGEMENT INC.,1,0,0,1,98.0,63,0.0,0.0
OP0411,WALMER BLOOR HOLDINGS INC,1,0,0,1,94.0,78,0.0,0.0
OP0412,TYNDALLWOOD INVESTMENTS LTD,1,0,0,1,100.0,24,0.0,0.0
OP0413,2114778 ONTARIO INC.,1,0,0,1,90.0,33,0.0,0.0
OP0414,SUMMERHILL PROPERTY MANAGEMENT,1,0,0,1,93.0,57,0.0,0.0
OP0415,1652333 ONTARIO INC.,1,0,0,1,90.0,17,0.0,0.0
OP0416,LIONSGATE COMMUNITIES CORP.,1,0,0,1,98.0,52,0.0,0.0
OP0417,APLOMB PROPERTIES INC,1,0,1,0,76.0,105,0.0,1.0
OP0418,720745 ONTARIO INC.,1,0,0,1,85.0,74,0.0,0.0
OP0419,HELLENIC HOME FOR THE AGED INC.,1,0,0,1,97.0,150,0.0,0.0
OP0420,STREET HAVEN,1,0,0,1,96.0,14,0.0,0.0
OP0421,781 BIRCH PROPERTIES INC,1,0,0,1,90.0,20,0.0,0.0
OP0422,PAIN REHABILITATION CLINIC INC.,1,0,0,1,94.0,19,0.0,0.0
OP0423,HABOSH INVESTMENTS INC.,1,0,0,1,97.0,96,0.0,0.0
OP0424,CO-OPERATIVE HOUSING FEDERATION OF TORONTO,1,0,0,1,90.0,50,0.0,0.0
OP0425,GRANGE APARTMENTS INC.,1,0,1,0,71.0,24,0.0,1.0
OP0426,583647 ONTARIO LIMITED,1,0,0,1,88.0,24,0.0,0.0
OP0427,DEEP QUONGG COMMUNITY FUND INC,1,0,0,1,91.0,86,0.0,0.0
OP0428,FV PROPERTY MANAGEMENT,1,0,1,0,72.0,16,0.0,1.0
OP0429,1771105 ONTARIO LTD,1,0,0,1,97.0,18,0.0,0.0
OP0430,RAINBOW MANAGEMENT INC,1,0,1,0,84.0,102,0.0,1.0
OP0431,AYKLER & CO REALTY,1,0,0,1,93.0,11,0.0,0.0
OP0432,ONTARIO PROPERTY MANAGEMENT GROUP INC.,1,0,1,0,82.0,15,0.0,1.0
OP0433,MYRMEX NON-PROFIT HOUSING,1,0,1,0,74.0,42,0.0,1.0
OP0434,CAMDEN PROPERTY MANAGEMENT,1,0,0,1,87.0,62,0.0,0.0
OP0435,683927 ONTARIO LIMITED,1,0,1,0,83.0,76,0.0,1.0
OP0436,MELBOURNE PROPERTY MANAGEMENT,1,0,1,0,81.0,37,0.0,1.0
OP0437,CAMDEN,1,0,0,1,85.0,15,0.0,0.0
OP0438,EICHLER MANAGEMENT GROUP,1,0,0,1,96.0,16,0.0,0.0
OP0439,TRIBE MANAGEMENT INC.,1,0,1,0,74.0,60,0.0,1.0
OP0440,LES CENTRES D'ACCUEIL HERITAGE (OWNS AND MANAGES BLDG CAH IS NOT A PROPERTY MNGMT CO),1,0,1,0,84.0,135,0.0,1.0
OP0441,ST CLARE'S MULTIFAITH HOUSING,1,0,0,1,87.0,32,0.0,0.0
OP0442,KRAL PROPERTY MANAGEMENT INC.,1,0,0,1,94.0,82,0.0,0.0
OP0443,YONGE STREET MISSION,1,0,0,1,90.0,26,0.0,0.0
OP0444,1281618 ONTARIO LIMITED,1,0,0,1,96.0,48,0.0,0.0
OP0445,1336062 ONTARIO LTD,1,0,0,1,93.0,48,0.0,0.0
OP0446,214 WELLESLEY HOLDINGS LIMITED,1,0,0,1,89.0,38,0.0,0.0
OP0447,MONTCREST SCHOOL,1,0,1,0,71.0,11,0.0,1.0
OP0448,849 BROADVIEW BIRCH PROPERTIES INC.,1,0,0,1,90.0,32,0.0,0.0
OP0449,BROADVIEW APARTMENTS INC,1,0,1,0,83.0,21,0.0,1.0
OP0450,YWCA,1,0,0,1,90.0,77,0.0,0.0
OP0451,2239032 ONTARIO INC.,1,0,0,1,90.0,12,0.0,0.0
OP0452,793163 ONTARIO LIMITED,1,0,1,0,82.0,18,0.0,1.0
OP0453,712880 ONTARIO LIMITED,1,0,0,1,96.0,17,0.0,0.0
OP0454,204 KINGSTON BIRCH PROPERTIES INC,1,0,0,1,92.0,15,0.0,0.0
OP0455,GLEN WILLOW INVESTMENTS LTD,1,0,0,1,86.0,10,0.0,0.0
OP0456,BOWMAN BUILDING PROPERTY MANAGEMENT INC.,1,0,0,1,90.0,16,0.0,0.0
OP0457,TWELVESTONE REALTY ADVISORS INC.,1,0,0,1,88.0,115,0.0,0.0
OP0458,JBLUE ENTERPRISES,1,0,1,0,84.0,24,0.0,1.0
OP0459,VILLETTES APARTMENTS,1,0,0,1,93.0,36,0.0,0.0
OP0460,RIVERDALE HOUSING ACTION GROUP,1,0,0,1,87.0,14,0.0,0.0
OP0461,SWISS CANADIAN MANAGEMENT CO. LTD.,1,0,0,1,87.0,28,0.0,0.0
OP0462,STERLING KARAMAR,1,0,1,0,71.0,267,0.0,1.0
OP0463,GLEN ELM INVESTMENTS,1,0,0,1,94.0,49,0.0,0.0
OP0464,NUMERT INVESTMENTS,1,0,0,1,89.0,109,0.0,0.0
OP0465,NAZAR PROPERTY MANAGEMENT,1,0,0,1,87.0,26,0.0,0.0
OP0466,SKY PROPERTY MANAGEMENT INC.,1,0,0,1,85.0,23,0.0,0.0
OP0467,TDL MANAGEMENT CO.,1,0,0,1,89.0,29,0.0,0.0
OP0468,CARD CORP,1,0,0,1,93.0,26,0.0,0.0
OP0469,ROEHAMPTON TOWERS INC.,1,0,0,1,98.0,83,0.0,0.0
OP0470,MEGAPRO PROPERTIES,1,0,1,0,80.0,24,0.0,1.0
OP0471,THE HOWARD PROPERTY COMPANY INC.,1,0,0,1,85.0,149,0.0,0.0
OP0472,THE RW SUITES CORPORATION C/O WESTDALE PROPERTIES,1,0,1,0,84.0,88,0.0,1.0
OP0473,6716741 CANADA INC,1,0,0,1,94.0,18,0.0,0.0
OP0474,2707 YONGE HOLDINGS LIMITED,1,0,0,1,95.0,48,0.0,0.0
OP0475,KENAIR APARTMENTS LIMITED,1,0,0,1,95.0,60,0.0,0.0
OP0476,NINETY WARREN ROAD APARTMENTS,1,0,1,0,83.0,79,0.0,1.0
OP0477,55 MONTCLAIR HOLDINGS LIMITED,1,0,0,1,85.0,54,0.0,0.0
OP0478,977502 ONTARIO LTD.,1,0,0,1,94.0,14,0.0,0.0
OP0479,APPLEDALE PROPERTY MANAGEMENT INC,1,0,0,1,95.0,15,0.0,0.0
OP0480,NORTH TORONTO HERITAGE,1,0,0,1,88.0,46,0.0,0.0
OP0481,125 LAWTON HOLDINGS LIMITED,1,0,0,1,96.0,122,0.0,0.0
OP0482,GATEWAY PROPERTY MANAGEMENT CORPORATION,1,0,0,1,97.0,48,0.0,0.0
OP0483,PRINCE CHARLES TERRACE APARTMENTS LIMITED,1,0,0,1,98.0,41,0.0,0.0
OP0484,4 LATIMER HOLDINGS LIMITED,1,0,0,1,89.0,65,0.0,0.0
OP0485,PARALLEL PROPERTY MANAGEMENT,1,0,0,1,91.0,11,0.0,0.0
OP0486,MARQUESA APARTMENTS LIMITED,1,0,0,1,96.0,210,0.0,0.0
OP0487,630 VESTA HOLDINGS LIMITED,1,0,0,1,93.0,70,0.0,0.0
OP0488,THE HOWARD PROPERTY COMPANY (2515) INC.,1,0,0,1,93.0,114,0.0,0.0
OP0489,HANNAH PROPERTY MANAGEMET LTD.,1,0,0,1,93.0,52,0.0,0.0
OP0490,REM FACILITIES MANAGEMENT INC,1,0,0,1,95.0,62,0.0,0.0
OP0491,1675959 ONTARIO LIMITED,1,0,1,0,78.0,18,0.0,1.0
OP0492,WILLIAM MCBRIEN LIMITED,1,0,0,1,96.0,29,0.0,0.0
OP0493,BALLITO BAY HOLDINGS (YORK) LTD.,1,0,1,0,81.0,40,0.0,1.0
OP0494,AMIRA TALAAT,1,0,0,1,87.0,12,0.0,0.0
OP0495,NOT APPLICABLE,1,0,0,1,89.0,17,0.0,0.0
OP0496,MAYA INVESTMENTS LTD.,1,0,0,1,98.0,26,0.0,0.0
OP0497,CANADIAN APARTMENT PROPERTIES REIT,1,0,0,1,97.0,64,0.0,0.0
OP0498,DAWES APARTMENTS INC.,1,0,1,0,80.0,66,0.0,1.0
OP0499,VINCENTPAUL FAMILY HOMES CORPORATION,1,0,0,1,98.0,164,0.0,0.0
OP0500,OWNER,1,0,0,1,92.0,15,0.0,0.0
OP0501,CANADIAN MACEDONIAN PLACE FOUNDATION,1,0,0,1,94.0,109,0.0,0.0
OP0502,PANTHERA BUILDING CORP,1,0,0,1,86.0,56,0.0,0.0
OP0503,FOREST GATE GROUP,1,0,0,1,88.0,78,0.0,0.0
OP0504,PRESTON GROUP,1,0,0,1,96.0,303,0.0,0.0
OP0505,COGIR MANAGEMENT CORPORATION,1,0,0,1,97.0,235,0.0,0.0
OP0506,MORTIMER RENTALS INC,1,0,0,1,91.0,42,0.0,0.0
OP0507,JONUS HOLDINGS INC,1,0,0,1,97.0,30,0.0,0.0
OP0508,SOWEIN APARTMENTS,1,0,0,1,86.0,57,0.0,0.0
OP0509,BRAYDEN IRWIN,1,0,0,1,94.0,26,0.0,0.0
OP0510,75 CO,1,0,0,1,92.0,118,0.0,0.0
OP0511,660266 ONTARIO LTD,1,0,1,0,73.0,49,0.0,1.0
OP0512,TRIPAR MANAGEMENT,1,0,0,1,86.0,48,0.0,0.0
OP0513,APARTMENTS R US PROPERTY MGMT LTD,1,0,0,1,96.0,38,0.0,0.0
OP0514,PRECISION PROPERTY MANAGEMENT,1,0,0,1,94.0,109,0.0,0.0
OP0515,WILANMAR HOLDINGS LTD.,1,0,0,1,90.0,15,0.0,0.0
OP0516,THRIVING PROPERTY MANAGEMENT,1,0,0,1,91.0,13,0.0,0.0
OP0517,15 MALLORY CRESCENT - MANSTON CONSTRUCTION LIMITED AND SYLWAKS INVESTMENT LTD.,1,0,0,1,92.0,34,0.0,0.0
OP0518,DREAM DEVELOPMENT GROUP CORPORATION,1,0,0,1,98.0,13,0.0,0.0
OP0519,GIA PROPERTY MANAGEMENT,1,0,1,0,76.0,12,0.0,1.0
OP0520,GOLDIE IMPORTS OF CANADA LIMITED,1,0,0,1,89.0,43,0.0,0.0
OP0521,MARMOR INVESTMENTS INC,1,0,0,1,86.0,10,0.0,0.0
OP0522,A.V. MANAGEMENT LTD.,1,0,0,1,96.0,10,0.0,0.0
OP0523,A TOUCH FROM HEAVEN,1,0,0,1,87.0,10,0.0,0.0
OP0524,1312251 ONTARIO LIMITED,1,0,0,1,93.0,183,0.0,0.0
OP0525,TERRACE WOOD APARTMENTS C/O SKYVIEW LIVING,1,0,0,1,86.0,137,0.0,0.0
OP0526,101 DRIFTWOOD APTS LTD,1,0,0,1,88.0,32,0.0,0.0
OP0527,FINCH MAIN GARDENS LTD,1,0,1,0,77.0,117,0.0,1.0
OP0528,AHMADIYYA ABODE OF PEACE,1,0,0,1,95.0,166,0.0,0.0
OP0529,DANDDMANAGEMENT,1,0,0,1,92.0,12,0.0,0.0
OP0530,WEDGEWOOD COLUMBUS LIMITED,1,0,0,1,92.0,16,0.0,0.0
OP0531,CASMIK PROPERTY MANAGEMENT,1,0,0,1,88.0,96,0.0,0.0
OP0532,JOLAN PROPERTIES INC.,1,0,0,1,94.0,113,0.0,0.0
OP0533,NORTHMINSTER RESIDENCES OF TORONTO,1,0,0,1,90.0,89,0.0,0.0
OP0534,RICHTREE CAPITAL CORP,1,0,1,0,83.0,57,0.0,1.0
OP0535,2579024 ONTARIO INC,1,0,0,1,94.0,11,0.0,0.0
OP0536,SULIN PROPERTY GROUP,1,0,1,0,82.0,23,0.0,1.0
OP0537,MACDANE INVESTMENTS,1,0,1,0,74.0,39,0.0,1.0
OP0538,CORREL HOLDINGS INC.,1,0,0,1,98.0,11,0.0,0.0
OP0539,A.E.V. GUIDA,1,0,0,1,95.0,12,0.0,0.0
OP0540,FRANCESCHI FAMILY HOLDINGS INC,1,0,0,1,86.0,21,0.0,0.0
OP0541,AMG APARTMENTS INC,1,0,0,1,92.0,32,0.0,0.0
OP0542,EMPRO CERDOMUS INVESTMENTS INC.,1,0,0,1,91.0,29,0.0,0.0
OP0543,354256 ONTARIO LTD,1,0,0,1,100.0,30,0.0,0.0
OP0544,2143753 ONTARIO INC,1,0,0,1,90.0,34,0.0,0.0
OP0545,1411080 ONTARIO LIMITED,1,0,0,1,86.0,105,0.0,0.0
OP0546,930264 ONTARIO LIMITED,1,0,1,0,83.0,12,0.0,1.0
OP0547,BROKENGOAT INVESTMENTS,1,0,0,1,92.0,12,0.0,0.0
OP0548,GENTILE HOLDINGS LTD,1,0,0,1,90.0,12,0.0,0.0
OP0549,TOSCANO INVESTMENTS INC.,1,0,1,0,74.0,12,0.0,1.0
OP0550,2842845 ONTARIO INC,1,0,0,1,90.0,11,0.0,0.0
OP0551,IGNAZIO AGUECI,1,0,1,0,76.0,12,0.0,1.0
OP0552,2291007 ONTARIO LIMITED,1,0,0,1,93.0,44,0.0,0.0
OP0553,2563698 ONTARIO LIMITED,1,0,0,1,91.0,40,0.0,0.0
OP0554,1827075 ONTARIO LIMITED,1,0,0,1,92.0,66,0.0,0.0
OP0555,GOWAN PROPERTY MANAGEMENT,1,0,0,1,99.0,35,0.0,0.0
OP0556,2127071 ONTARIO LIMITED,1,0,0,1,99.0,82,0.0,0.0
OP0557,2331304 ONTARIO LIMITED,1,0,0,1,100.0,36,0.0,0.0
OP0558,VINCENZA PAOLELLA,1,0,1,0,83.0,12,0.0,1.0
OP0559,S & T  TWO INC,1,0,0,1,85.0,12,0.0,0.0
OP0560,WILSON HUMBER RIVER APARTMENTS INC.,1,0,0,1,98.0,121,0.0,0.0
OP0561,THISTLE C.N.C LTD.,1,0,0,1,88.0,12,0.0,0.0
OP0562,SUSYN SMITH,1,0,0,1,88.0,12,0.0,0.0
OP0563,709 KEELE HOLDINGS LIMITED,1,0,0,1,94.0,54,0.0,0.0
OP0564,A M AND FAMILY HOLDINGS INC,1,0,0,1,94.0,11,0.0,0.0
OP0565,LINDAWACHTEL,1,0,0,1,90.0,11,0.0,0.0
OP0566,RAFAELLO PLACE,1,0,0,1,95.0,159,0.0,0.0
OP0567,1884531 ONTARIO LTD.,1,0,0,1,87.0,11,0.0,0.0
OP0568,1636367 ONTARIO INC,1,0,1,0,81.0,31,0.0,1.0
OP0569,3250 KEELE APARTMENTS INC,1,0,0,1,90.0,59,0.0,0.0
OP0570,RONA PROPERTY MANAGEMENT,1,0,0,1,87.0,44,0.0,0.0
OP0571,SILVANA MCDOWELL,1,0,1,0,80.0,10,0.0,1.0
OP0572,3 WAY INVESTMENTS LTD.,1,0,1,0,80.0,20,0.0,1.0
OP0573,MIDAN PROPERTIES INC.,1,0,0,1,90.0,15,0.0,0.0
OP0574,PETAR TUCAKOV,1,0,1,0,70.0,10,0.0,1.0
OP0575,TRIBRIK,1,0,1,0,84.0,10,0.0,1.0
OP0576,LAMAN INVESTMENTS INC,1,0,1,0,82.0,10,0.0,1.0
OP0577,VESCIO INVESTMENTS LTD,1,0,0,1,98.0,11,0.0,0.0
OP0578,WJ PROPERTIES.CA,1,0,1,0,81.0,171,0.0,1.0
OP0579,985473 ONTARIO INC.,1,0,0,1,92.0,12,0.0,0.0
OP0580,CRISTINA DOLENZ,1,0,0,1,88.0,11,0.0,0.0
OP0581,GRETO INVESTMENTS,1,0,0,1,88.0,10,0.0,0.0
OP0582,1957248 ONTARIO INC,1,0,1,0,83.0,11,0.0,1.0
OP0583,HANNAH GROUP,1,0,0,1,95.0,16,0.0,0.0
OP0584,CALETA CAPITAL,1,0,1,0,74.0,67,0.0,1.0
OP0585,EQUITON RESIDENTIAL INCOME FUND LP,1,0,0,1,93.0,80,0.0,0.0
OP0586,ALEXIS COURT APARTMENTS,1,0,0,1,98.0,35,0.0,0.0
OP0587,SAROSSA INVESTMENTS INC,1,0,0,1,92.0,12,0.0,0.0
OP0588,O'SHANTER DEVELOPMENT COMAPNY LTD.,1,0,0,1,97.0,108,0.0,0.0
OP0589,RYIS PROPERTIES INC,1,0,0,1,93.0,12,0.0,0.0
OP0590,ELEVATE PM LIMITED,1,0,0,1,98.0,69,0.0,0.0
OP0591,STERLING KARAMAR PROPERTY MANAGMENT,1,0,0,1,91.0,64,0.0,0.0
OP0592,AVENUE ROAD INVESTMENT LIMITED,1,0,0,1,99.0,11,0.0,0.0
OP0593,3635 BATHURST ST. REALTY INC.,1,0,0,1,92.0,19,0.0,0.0
OP0594,MEGACITY MANAGAMENT INC.,1,0,0,1,98.0,20,0.0,0.0
OP0595,G. ANTINORI,1,0,0,1,99.0,11,0.0,0.0
OP0596,GDH APARTMENT GROUP LTD.,1,0,1,0,74.0,11,0.0,1.0
OP0597,2405458 ONTARIO INC,1,0,1,0,70.0,10,0.0,1.0
OP0598,35 CANYON AVENUE LTD.,1,0,0,1,94.0,237,0.0,0.0
OP0599,ADMP PROPERTY MANAGEMENT INC.,1,0,0,1,89.0,17,0.0,0.0
OP0600,FINCH APARTMENTS LTD,1,0,1,0,81.0,30,0.0,1.0
OP0601,COLONNADE BRIDGEPORT,1,0,1,0,80.0,118,0.0,1.0
OP0602,2818 AVENUE PROPERTY MANAGEMENT,1,0,1,0,72.0,20,0.0,1.0
OP0603,CANADIAN HELEN KELLER CENTRE,1,0,0,1,98.0,16,0.0,0.0
OP0604,"25 ST. DENNIS INC - TORONTO, ON",1,0,0,1,93.0,297,0.0,0.0
OP0605,VENTAWOOD MANAGEMENT INC,1,0,1,0,83.0,70,0.0,1.0
OP0606,ROYAL COURTYARDS PROPERTY MANAGEMENT,1,0,1,0,81.0,43,0.0,1.0
OP0607,JELCORO INVESTMENTS,1,0,1,0,77.0,31,0.0,1.0
OP0608,OPERATING ENGINEERS LOCAL 793 NPH INC,1,0,0,1,98.0,221,0.0,0.0
OP0609,SB PROPERTY RENTALS INC,1,0,0,1,94.0,218,0.0,0.0
OP0610,ER PROPERTY RENTALS INC.,1,0,0,1,93.0,231,0.0,0.0
OP0611,MTS CORP INC,1,0,0,1,91.0,15,0.0,0.0
OP0612,COMFIELD MANAGEMENT SERVICES INC.,1,0,0,1,92.0,27,0.0,0.0
OP0613,EMMANUEL LUTHERAN MANOR,1,0,0,1,92.0,112,0.0,0.0
OP0614,"RICHMOND COMMUNITY SERVICE CORP.   PH905 470 1244 ,CELL 289 200 6649",1,0,0,1,96.0,59,0.0,0.0
OP0615,YORK MILLS COURT APTS,1,0,0,1,91.0,64,0.0,0.0
OP0616,YORK MILLS PLACE,1,0,0,1,93.0,63,0.0,0.0
OP0617,CAST PROPERTIES CORPORATION,1,0,0,1,96.0,64,0.0,0.0
OP0618,VALLEY  YORK  MANOR,1,0,0,1,91.0,38,0.0,0.0
OP0619,ARMBRO GROUP INC,1,0,0,1,92.0,25,0.0,0.0
OP0620,39 RAGLAN AVE LIMITED,1,0,0,1,95.0,101,0.0,0.0
OP0621,BARNEY RIVER INVESTMENT LTD.,1,0,1,0,80.0,175,0.0,1.0
OP0622,100 RAGLAN AVE LIMITED,1,0,0,1,87.0,230,0.0,0.0
OP0623,IMOR CORPORATION INC.,1,0,0,1,85.0,32,0.0,0.0
OP0624,1021122 ONTARIO LIMITED,1,0,0,1,89.0,46,0.0,0.0
OP0625,ROYALLEPAGE,1,0,0,1,86.0,24,0.0,0.0
OP0626,MAR-KAL PROPERTY MANAGEMENT COMPANY LIMTED,1,0,0,1,93.0,39,0.0,0.0
OP0627,2298097 ONTARIO INC,1,0,0,1,86.0,124,0.0,0.0
OP0628,LEWIS GARNSWORTHY RESIDENCE,1,0,1,0,75.0,144,0.0,1.0
OP0629,COLLIERS MACAULAY NICOLLS INC,1,0,0,1,89.0,41,0.0,0.0
OP0630,HALLPINE INVESTMENTS INC.,1,0,0,1,94.0,34,0.0,0.0
OP0631,CANAL PROPERTY MANGEMENT,1,0,0,1,97.0,67,0.0,0.0
OP0632,2478443 ONTARIO LTD.,1,0,1,0,80.0,26,0.0,1.0
OP0633,2806275 ONTARIO INC.,1,0,1,0,83.0,26,0.0,1.0
OP0634,TAMRON PROPERTY MANAGEMENT,1,0,0,1,89.0,36,0.0,0.0
OP0635,GULMOUR PROPERTY MANAGEMENT,1,0,1,0,84.0,24,0.0,1.0
OP0636,LOCKWOOD APARTMENTS LTD,1,0,0,1,95.0,15,0.0,0.0
OP0637,G & S REALTY INVESTMENTS INC.,1,0,1,0,75.0,22,0.0,1.0
OP0638,LA STRADA INVESTMENTS LIMITED,1,0,1,0,78.0,29,0.0,1.0
OP0639,SOTAM INVESTMENT GROUP LIMITED,1,0,0,1,93.0,12,0.0,0.0
OP0640,GN INVESTMENT,1,0,0,1,89.0,40,0.0,0.0
OP0641,MASGAR INVESTMENTS LTD.,1,0,0,1,88.0,28,0.0,0.0
OP0642,SPEARHEARD PROPERTY MANAGEMENT LTD.,1,0,1,0,77.0,28,0.0,1.0
OP0643,985352 ONTARIO LTD,1,0,0,1,89.0,15,0.0,0.0
OP0644,THE LERANING ENRICHMENT FOUNDATION,1,0,0,1,87.0,22,0.0,0.0
OP0645,10000080779 0NT LTD,1,0,1,0,76.0,11,0.0,1.0
OP0646,STATE BUILDING GROUP,1,0,1,0,80.0,419,0.0,1.0
OP0647,QHN CORPORATION,1,0,0,1,88.0,17,0.0,0.0
OP0648,1248133 ONTARIO LTD,1,0,1,0,80.0,26,0.0,1.0
OP0649,KINSALE INVESTMENTS LTD,1,0,0,1,93.0,10,0.0,0.0
OP0650,OS PROPERTIES,1,0,1,0,70.0,11,0.0,1.0
OP0651,SANBERG INVESTMENTS INC.,1,0,1,0,80.0,11,0.0,1.0
OP0652,1725460 ONTARIO INC,1,0,0,1,93.0,14,0.0,0.0
OP0653,BWR 2275 CORP,1,0,0,1,98.0,61,0.0,0.0
OP0654,BEDFORD PROPERTIES,1,0,0,1,90.0,26,0.0,0.0
OP0655,JASPER HOMES,1,0,0,1,98.0,22,0.0,0.0
OP0656,AMK2000 HOLDINGS INC,1,0,0,1,98.0,12,0.0,0.0
OP0657,NEW SPADINA GARMENT INDUSTRY CORPORATION,1,0,0,1,91.0,140,0.0,0.0
OP0658,NORCAP PROPERTIES INC.,1,0,0,1,91.0,17,0.0,0.0
OP0659,620 EVANS,1,0,1,0,71.0,25,0.0,1.0
OP0660,ROSS WILSON HOLDINGS LTD.,1,0,0,1,95.0,30,0.0,0.0
OP0661,MRF RIDLEY INC.,1,0,0,1,88.0,23,0.0,0.0
OP0662,1471147 ONTARIO LTD,1,0,0,1,96.0,30,0.0,0.0
OP0663,SHALLOW'S APARTMENTS,1,0,0,1,94.0,36,0.0,0.0
OP0664,RONCI MANGEMENT,1,0,0,1,97.0,35,0.0,0.0
OP0665,R K HOLDINGS - 2 HILL HEIGHTS LTD,1,0,0,1,98.0,30,0.0,0.0
OP0666,WESTGATE APARTMENTS,1,0,0,1,98.0,45,0.0,0.0
OP0667,THE MORASSUTTI GROUP,1,0,0,1,87.0,30,0.0,0.0
OP0668,J&F GONCALVES,1,0,0,1,89.0,27,0.0,0.0
OP0669,KACH INVESTMENT CORP,1,0,0,1,94.0,19,0.0,0.0
OP0670,6 KINGS POINT HOLDINGS INC.,1,0,0,1,90.0,16,0.0,0.0
OP0671,FOREST GATE,1,0,0,1,98.0,56,0.0,0.0
OP0672,FAR INVESTMENTS INC.,1,0,0,1,96.0,310,0.0,0.0
OP0673,ORCHARD APARTMENTS (307) INC,1,0,0,1,93.0,26,0.0,0.0
OP0674,HUMBER VALLEY INVESTMENT GROUP LTD,1,0,0,1,94.0,23,0.0,0.0
OP0675,MARK & ROMA SAUNDERS,1,0,0,1,91.0,38,0.0,0.0
OP0676,FINE REALTY LTD,1,0,0,1,85.0,25,0.0,0.0
OP0677,THE ELIA CORPORATION,1,0,0,1,100.0,73,0.0,0.0
OP0678,LAROSE HOLDINGS,1,0,0,1,93.0,180,0.0,0.0
OP0679,EQUITY BUILDERS,1,0,0,1,89.0,60,0.0,0.0
OP0680,D. RASCHILLA DIXON HOLDINGS INC.,1,0,0,1,90.0,55,0.0,0.0
OP0681,EIWO CANADIAN MANAGEMENT,1,0,0,1,94.0,49,0.0,0.0
OP0682,BROOKBANK HOLDINGS INC,1,0,0,1,97.0,152,0.0,0.0
OP0683,TIMBERCREEK COMMUNITIES,1,0,0,1,93.0,88,0.0,0.0
OP0684,19 EVA ROAD PROPERTY MANAGEMENT LTD.,1,0,0,1,92.0,152,0.0,0.0
OP0685,MYROSLAWA LIDIA NAHIRNYJ,1,0,0,1,95.0,10,0.0,0.0
OP0686,WESTWAY INVESTMENTS,1,0,0,1,93.0,178,0.0,0.0
OP0687,1000519391 ONTARIO INC,1,0,0,1,99.0,39,0.0,0.0
OP0688,1847548 ONTARIO LTD.,1,0,0,1,95.0,47,0.0,0.0
OP0689,TORBOLTON APTS LTD,1,0,0,1,91.0,18,0.0,0.0
OP0690,FALCOSTA INVESTMENTS,1,0,0,1,98.0,19,0.0,0.0
OP0691,ORCHARD APARTMENTS (2328) INC,1,0,0,1,93.0,68,0.0,0.0
OP0692,REXDALE PRESBYTERIAN SENIOR CITIZENS CORPORATION,1,0,0,1,96.0,194,0.0,0.0
OP0693,DIAMONDWOOD PROPERTY MANAGEMENT INC.,1,0,0,1,95.0,153,0.0,0.0
OP0694,MARQUIS HOLDINGS LP,1,0,0,1,93.0,92,0.0,0.0
OP0695,2525658 ONTARIO INC.,1,0,1,0,82.0,23,0.0,1.0
OP0696,AIDERBOOK MANAGEMENT INC.,1,0,0,1,92.0,28,0.0,0.0
OP0697,BLUE ROOF PROPERTIES LTD,1,0,0,1,87.0,18,0.0,0.0
OP0698,571051 ONTARIO LIMITED,1,0,0,1,88.0,12,0.0,0.0
OP0699,KING GEORGE APTS.,1,0,0,1,95.0,30,0.0,0.0
OP0700,2660 LAKESHORE INC.,1,0,1,0,81.0,15,0.0,1.0
OP0701,INFINITY PROPERTY MANAGEMENT,1,0,0,1,88.0,12,0.0,0.0
OP0702,SELF,1,0,0,1,94.0,12,0.0,0.0
OP0703,PACE PROPERTY MANAGEMENT,1,0,0,1,97.0,25,0.0,0.0
OP0704,CENTURY 21,1,0,0,1,96.0,29,0.0,0.0
OP0705,TWO VIEW INVESTMENTS,1,0,0,1,91.0,14,0.0,0.0
OP0706,RENTPEDIA INC,1,0,0,1,92.0,28,0.0,0.0
OP0707,CIO MANAGEMENT,1,0,0,1,95.0,41,0.0,0.0
OP0708,ARTSCAPE NON-PROFIT HOUSING INC.,1,0,0,1,94.0,22,0.0,0.0
OP0709,ROCK RIDGE INVESTMENTS,1,0,0,1,96.0,88,0.0,0.0
OP0710,ST. PAUL'S L'AMOREAUX CENTRE,1,0,0,1,86.0,297,0.0,0.0
OP0711,JANWALK,1,0,0,1,96.0,122,0.0,0.0
OP0712,SHAHUKAR PROPERTIES CORP,1,0,0,1,87.0,21,0.0,0.0
OP0713,35 CEDARCROFT BOULEVARD LTD,1,0,0,1,91.0,207,0.0,0.0
OP0714,SHEPHERD VILALGE INC,1,0,0,1,99.0,263,0.0,0.0
OP0715,668308 ONTARIO LIMITED,1,0,0,1,92.0,143,0.0,0.0
OP0716,VERTICA RESIDENT SERVICES,1,0,0,1,97.0,230,0.0,0.0
OP0717,TURTLEDOVE MANAGEMENT,1,0,1,0,75.0,11,0.0,1.0
OP0718,966 ST CLAIR HOLDINGS INC,1,0,1,0,83.0,11,0.0,1.0
OP0719,COPPER CROW PROPERTY MANAGEMENT LTD,1,0,0,1,94.0,34,0.0,0.0
OP0720,RMC INTERNATIONAL INC,1,0,0,1,86.0,11,0.0,0.0
OP0721,OUR SAVIOUR THISTLETOWN LUTHERAN LODGE,1,0,0,1,100.0,80,0.0,0.0
OP0722,YEE HONG CHINESE EVERGREEN NON-PROFIT HOMES ( METRO TORONTO) CORP,1,0,0,1,98.0,130,0.0,0.0
OP0723,GULF PACIFIC PROPERTY MANAGEMENT,1,0,0,1,91.0,145,0.0,0.0
OP0724,ATIKSON CO-OP,1,0,0,1,88.0,40,0.0,0.0
OP0725,ELLSBIRCH LIMITED,1,0,0,1,87.0,33,0.0,0.0
OP0726,MYRIAD PROPERTY MANAGENT,1,0,0,1,95.0,134,0.0,0.0
OP0727,MID-WILSON APTS LTD,1,0,0,1,98.0,36,0.0,0.0
OP0728,18 BROWNLOW HOLDINGS LTD,1,0,0,1,98.0,185,0.0,0.0
OP0729,TRIVEST DEV. CORPORATION,1,0,0,1,94.0,11,0.0,0.0
OP0730,KILLAM APARTMENT REIT,1,0,0,1,93.0,179,0.0,0.0
OP0731,D. RASCHILLA INVESTMENTS INC.,1,0,0,1,90.0,55,0.0,0.0
OP0732,DEVONSHIRE PROPERTIES INC.,1,0,1,0,78.0,305,0.0,1.0
OP0733,THED SALVATION ARMY TORONTO HARBOURLIGHT MINISTRIES,1,0,0,1,98.0,98,0.0,0.0
OP0734,FRED VICTOR,1,0,0,1,89.0,87,0.0,0.0
OP0735,10-12 ST DENNIS DRIVE LTD,1,0,1,0,71.0,325,0.0,1.0
OP0736,AMK 2000 HOLDINGS INC,1,0,0,1,98.0,11,0.0,0.0
OP0737,1013434 ONTARIO LIMITED,1,0,0,1,95.0,37,0.0,0.0
OP0738,OBEN PM INC.,1,0,0,1,96.0,337,0.0,0.0
OP0739,PEAKMADE CAMPUS CANADA,1,0,0,1,98.0,188,0.0,0.0
OP0740,HOLLY-SOUDAN VENTURES INC.,1,0,0,1,97.0,66,0.0,0.0
OP0741,1979017 ONTARIO INC.,1,0,0,1,93.0,12,0.0,0.0
OP0742,MORGUAR CORP.,1,0,0,1,97.0,336,0.0,0.0
OP0743,MARS INVESTMENTS CO.,1,0,0,1,94.0,12,0.0,0.0
OP0744,TRIOVEST REALTY ADVISORS INC.,1,0,0,1,85.0,30,0.0,0.0
OP0745,ADRIATIC APARTMENTS CORP.,1,0,0,1,96.0,27,0.0,0.0
OP0746,TERRY BURFORD,1,0,1,0,77.0,10,0.0,1.0
OP0747,NORTH44 PROPERTY MANAGEMENT INC,1,0,1,0,83.0,28,0.0,1.0
OP0748,ROLIN REALTY LIMITED,1,0,1,0,77.0,27,0.0,1.0
OP0749,D&D PROPERTY MANAGEMENT,1,0,0,1,93.0,17,0.0,0.0
OP0750,ST CLAIR PLACE,1,0,0,1,96.0,173,0.0,0.0
OP0751,BIRCH HOUSING,1,0,0,1,89.0,126,0.0,0.0
OP0752,PENNYLANE PROPERTIES,1,0,0,1,85.0,46,0.0,0.0
OP0753,DPM2 LTD,1,0,0,1,98.0,17,0.0,0.0
OP0754,TGIC INVESTMENTS,1,0,0,1,92.0,12,0.0,0.0
OP0755,FAMILY FM INC.,1,0,0,1,94.0,12,0.0,0.0
OP0756,1455522 ONTARIO LTD,1,0,0,1,93.0,28,0.0,0.0
OP0757,TOWN & COUNTRY PROPERTY MANAGERS,1,0,0,1,94.0,11,0.0,0.0
OP0758,ASHBRIDGES PROPERTY MANAGEMENT,1,0,0,1,94.0,21,0.0,0.0
OP0759,G.C. RENTAL MANAGEMENT,1,0,0,1,98.0,40,0.0,0.0
OP0760,SYLMAR INVESTMENTS INC,1,0,0,1,85.0,12,0.0,0.0
OP0761,MPCT DIF COSBURN AVENUE GP INC.,1,0,0,1,96.0,36,0.0,0.0
OP0762,TERA DITTA HOLDINGS INC.,1,0,0,1,88.0,18,0.0,0.0
OP0763,O'CONNOR APTS LTD,1,0,0,1,97.0,18,0.0,0.0
OP0764,SOFIENE BOUSSELMI,1,0,0,1,87.0,12,0.0,0.0
OP0765,PARKFIELD PROPERTIES INC C/O PARKFIELD PROPERTIES,1,0,0,1,92.0,12,0.0,0.0
OP0766,RHAPSODY PROPERTY MANAGEMENT SERVICES - KINGS CLUB RESIDENCES INC.,1,0,0,1,100.0,506,0.0,0.0
OP0767,K&G APARTMENT HOLDINGS INC,1,0,0,1,100.0,315,0.0,0.0
OP0768,AVENUE HOLDINGS LTD.,1,0,1,0,79.0,30,0.0,1.0
OP0769,JLL,1,0,0,1,93.0,793,0.0,0.0
OP0770,TRIVEST DEVELOPMENTS COROPORATION,1,0,0,1,94.0,11,0.0,0.0
OP0771,DANIELS GATEWAY RENTALS,1,0,0,1,97.0,346,0.0,0.0
OP0772,210 VAUGHAN QIAN HOLDING LTD.,1,0,0,1,90.0,25,0.0,0.0
OP0773,FIRST ELNOR HOLDINGS LTD,1,0,0,1,95.0,240,0.0,0.0
OP0774,VIVIAN RAITSINIS,1,0,1,0,83.0,20,0.0,1.0
OP0775,MADISON VIEW HOMES,1,0,0,1,95.0,82,0.0,0.0
OP0776,DBS DEVELOPMENTS,1,0,0,1,100.0,177,0.0,0.0
OP0777,GREYSTAR CANADA PROPERTY MANAGEMENT SERVICES LTD,1,0,0,1,100.0,210,0.0,0.0
OP0778,10887609 CANADA INC,1,0,0,1,90.0,17,0.0,0.0
OP0779,SYRMIUM HOLDINGS INC,1,0,0,1,97.0,14,0.0,0.0
OP0780,MICHAEL WESTWOOD,1,0,0,1,99.0,11,0.0,0.0
OP0781,346 HOPEWELL INC,1,0,0,1,89.0,11,0.0,0.0
OP0782,MEI KUSWANTO,1,0,0,1,90.0,10,0.0,0.0
OP0783,JERAWAN BASIL,1,0,0,1,86.0,14,0.0,0.0
OP0784,HANS MYRSKOG,1,0,0,1,87.0,15,0.0,0.0
OP0785,QUON FAMILY HOLDINGS LTD.,1,0,0,1,90.0,12,0.0,0.0
OP0786,COSBURN MANOR INC,1,0,1,0,82.0,17,0.0,1.0
OP0787,BRUSHSTONE PROPERTIES LTD,1,0,0,1,87.0,10,0.0,0.0
OP0788,AMCL HOLDINGS LTD,1,0,1,0,78.0,17,0.0,1.0
OP0789,1810036 ONTARIO LTD.,1,0,0,1,92.0,10,0.0,0.0
OP0790,NEW STAR HOLDINGS INC,1,0,0,1,86.0,30,0.0,0.0
OP0791,ST JOSEPHS SENIORS CITIZENS APARTMENTS,1,0,0,1,93.0,91,0.0,0.0
OP0792,1569625 ONTARIO LIMITED,1,0,0,1,89.0,10,0.0,0.0
OP0793,DEBORAH HOLMES,1,0,1,0,83.0,12,0.0,1.0
OP0794,COLLOREDO-MANSFELD,1,0,0,1,93.0,18,0.0,0.0
OP0795,MYRIAM GUACHILEMA VELARDE,1,0,0,1,85.0,24,0.0,0.0
OP0796,MARKAR LIMITED,1,0,0,1,85.0,11,0.0,0.0
OP0797,NICK ANAGNOSTOPOULOS,1,0,0,1,89.0,20,0.0,0.0
OP0798,MICRON AIR SYSTEMS INC,1,0,0,1,97.0,12,0.0,0.0
OP0799,JND MANAGEMENT,1,0,1,0,78.0,31,0.0,1.0
OP0800,ASTON COURT RESIDENCES INC,1,0,0,1,93.0,18,0.0,0.0
OP0801,ARILEX APARTMENT TRAVEL LODGE,1,0,0,1,95.0,12,0.0,0.0
OP0802,MORDINI MANAGEMENT,1,0,0,1,96.0,28,0.0,0.0
OP0803,ELSBERG INVESTMENTS LTD,1,0,0,1,92.0,10,0.0,0.0
OP0804,BOZENA SZTUKA,1,0,0,1,91.0,10,0.0,0.0
OP0805,IPS MANAGEMENT,1,0,1,0,82.0,26,0.0,1.0
OP0806,1192918 ONTARIO LTD,1,0,0,1,94.0,11,0.0,0.0
OP0807,EUROPE TINT,1,0,0,1,90.0,18,0.0,0.0
OP0808,YU SHAN CHIU,1,0,1,0,74.0,15,0.0,1.0
OP0809,36 TWELFTH LTD,1,0,0,1,91.0,10,0.0,0.0
OP0810,272 BIRMINGHAM LTD,1,0,0,1,90.0,10,0.0,0.0
OP0811,HGH DESIGN BUILD CORP,1,0,0,1,95.0,14,0.0,0.0
OP0812,1239798 ONTARIO LTD,1,0,0,1,85.0,12,0.0,0.0
OP0813,SUPREME MORTGAGE,1,0,0,1,90.0,12,0.0,0.0
OP0814,SHOLARS DEVELOPMENTS LTD AND RACHEL HERSH,1,0,1,0,79.0,10,0.0,1.0
OP0815,MARCEL PHARAND INVESTMENTS INC,1,0,0,1,96.0,22,0.0,0.0
OP0816,2857506 ONTARIO INC,1,0,1,0,84.0,11,0.0,1.0
OP0817,IPG PROPERTY MANAGEMENT,1,0,0,1,87.0,17,0.0,0.0
OP0818,CEDARMOUNT CAPITAL INC,1,0,0,1,100.0,53,0.0,0.0
OP0819,TCHC-WEST REGION,1,0,0,1,99.0,78,0.0,0.0
OP0820,CONCERT REAL ESTATE CORPORATION,1,0,0,1,100.0,233,0.0,0.0
OP0821,TIPPET PARK TWO INC O/A SHIPLAKE PROPERTIES LTD,1,0,0,1,100.0,179,0.0,0.0
OP0822,WESTBANK ONTARIO REALTY CORP,1,0,0,1,100.0,95,0.0,0.0
OP0823,CECARMOUNT CAPITAL INC,1,0,0,1,96.0,160,0.0,0.0
OP0824,STEIN & REGENCY CONSTRUCTION MANAGEMENT CO.,1,0,0,1,93.0,24,0.0,0.0
OP0825,HOMES FIRST PROPERTY MANAGEMENT INC.,1,0,0,1,95.0,220,0.0,0.0
OP0826,PHYMETRIX LTD.,1,0,0,1,86.0,18,0.0,0.0
OP0827,T2 RENTALS,1,0,0,1,100.0,389,0.0,0.0
OP0828,ELEMENT PROPERTY MANAGEMENT INC,1,0,0,1,98.0,205,0.0,0.0
OP0829,GOOD SHEPHERD NON PROFIT HOMES,1,0,0,1,86.0,19,0.0,0.0
OP0830,DMS GROUP,1,0,0,1,100.0,135,0.0,0.0
OP0831,PAD INC,1,0,0,1,100.0,14,0.0,0.0
