raw_variant,operator_id,canonical_name
1 BRIMLEY APTS. INC.,OP0363,1 BRIMLEY APTS. INC.
1 SUPERIOR LIMITED PARTNERSHIP,OP0312,1 SUPERIOR LIMITED PARTNERSHIP
10-12 ST DENNIS DRIVE LTD,OP0735,10-12 ST DENNIS DRIVE LTD
100 RAGLAN AVE LIMITED,OP0622,100 RAGLAN AVE LIMITED
10000080779 0NT LTD,OP0645,10000080779 0NT LTD
1000519391 ONTARIO INC,OP0687,1000519391 ONTARIO INC
1001175316 ONTARIO LIMITED,OP0373,1001175316 ONTARIO LIMITED
101 DRIFTWOOD APTS LTD,OP0526,101 DRIFTWOOD APTS LTD
1013434 ONTARIO LIMITED,OP0737,1013434 ONTARIO LIMITED
1021122 ONTARIO LIMITED,OP0624,1021122 ONTARIO LIMITED
1034523 ONTARIO LTD,OP0005,1034523 ONTARIO LTD
1066362 ONTARIO LTD O/A LYVE PROPERTIES,OP0379,1066362 ONTARIO LTD O/A LYVE PROPERTIES
10887609 CANADA INC,OP0778,10887609 CANADA INC
1169676 ONTARIO LTD,OP0392,1169676 ONTARIO LTD
1173283 ONTARIO LIMITED,OP0393,1173283 ONTARIO LIMITED
1192918 ONTARIO LTD,OP0806,1192918 ONTARIO LTD
1202074 ONTARIO INC,OP0008,1202074 ONTARIO INC
1239798 ONTARIO LTD,OP0812,1239798 ONTARIO LTD
1241676 ONTARIO INC,OP0307,1241676 ONTARIO INC
1248133 ONTARIO LTD,OP0648,1248133 ONTARIO LTD
125 LAWTON HOLDINGS LIMITED,OP0481,125 LAWTON HOLDINGS LIMITED
1281618 ONTARIO LIMITED,OP0444,1281618 ONTARIO LIMITED
1298781 ONTARIO INC,OP0401,1298781 ONTARIO INC
1312251 ONTARIO LIMITED,OP0524,1312251 ONTARIO LIMITED
1336062 ONTARIO LTD,OP0445,1336062 ONTARIO LTD
1411080 ONTARIO LIMITED,OP0545,1411080 ONTARIO LIMITED
1455522 ONTARIO LTD,OP0756,1455522 ONTARIO LTD
1471147 ONTARIO LTD,OP0662,1471147 ONTARIO LTD
14792670 CANADA INC,OP0014,14792670 CANADA INC
15 MALLORY CRESCENT - MANSTON CONSTRUCTION LIMITED AND SYLWAKS INVESTMENT LTD.,OP0517,15 MALLORY CRESCENT - MANSTON CONSTRUCTION LIMITED AND SYLWAKS INVESTMENT LTD.
1564534 ONTARIO LTD,OP0215,1564534 ONTARIO LTD
1569625 ONTARIO LIMITED,OP0792,1569625 ONTARIO LIMITED
1584062 ONTARIO LTD.,OP0398,1584062 ONTARIO LTD.
1597180 ONTARIO INC,OP0114,1597180 ONTARIO INC
1636367 ONTARIO INC,OP0568,1636367 ONTARIO INC
1652333 ONTARIO INC.,OP0415,1652333 ONTARIO INC.
1675959 ONTARIO LIMITED,OP0491,1675959 ONTARIO LIMITED
1725460 ONTARIO INC,OP0652,1725460 ONTARIO INC
1771105 ONTARIO LTD,OP0429,1771105 ONTARIO LTD
1789331 ONTARIO LIMITED,OP0219,1789331 ONTARIO LIMITED
17A PROPERTIES,OP0230,17A PROPERTIES
18 BROWNLOW HOLDINGS LTD,OP0728,18 BROWNLOW HOLDINGS LTD
1810036 ONTARIO LTD.,OP0789,1810036 ONTARIO LTD.
1827075 ONTARIO LIMITED,OP0554,1827075 ONTARIO LIMITED
1846022 ONTARIO LIMITED,OP0159,1846022 ONTARIO LIMITED
1847548 ONTARIO LTD.,OP0688,1847548 ONTARIO LTD.
1884531 ONTARIO LTD.,OP0567,1884531 ONTARIO LTD.
19 EVA ROAD PROPERTY MANAGEMENT LTD.,OP0684,19 EVA ROAD PROPERTY MANAGEMENT LTD.
1957248 ONTARIO INC,OP0582,1957248 ONTARIO INC
1979017 ONTARIO INC.,OP0741,1979017 ONTARIO INC.
204 KINGSTON BIRCH PROPERTIES INC,OP0454,204 KINGSTON BIRCH PROPERTIES INC
2054138 ONTARIO LTD,OP0232,2054138 ONTARIO LTD
210 VAUGHAN QIAN HOLDING LTD.,OP0772,210 VAUGHAN QIAN HOLDING LTD.
2114778 ONTARIO INC.,OP0413,2114778 ONTARIO INC.
2127071 ONTARIO LIMITED,OP0556,2127071 ONTARIO LIMITED
214 WELLESLEY HOLDINGS LIMITED,OP0446,214 WELLESLEY HOLDINGS LIMITED
2143753 ONTARIO INC,OP0544,2143753 ONTARIO INC
2151764 ONTARIO LTD.,OP0382,2151764 ONTARIO LTD.
2153244 ONTARIO INC,OP0404,2153244 ONTARIO INC
2204 - 2208 DUFFERIN INC.,OP0290,2204 - 2208 DUFFERIN INC.
2239032 ONTARIO INC.,OP0451,2239032 ONTARIO INC.
2291007 ONTARIO LIMITED,OP0552,2291007 ONTARIO LIMITED
2293 EGLINTON LP,OP0349,2293 EGLINTON LP
2298097 ONTARIO INC,OP0627,2298097 ONTARIO INC
2331304 ONTARIO LIMITED,OP0557,2331304 ONTARIO LIMITED
2405458 ONTARIO INC,OP0597,2405458 ONTARIO INC
2478443 ONTARIO LTD.,OP0632,2478443 ONTARIO LTD.
"25 ST. DENNIS INC - TORONTO, ON",OP0604,"25 ST. DENNIS INC - TORONTO, ON"
2525658 ONTARIO INC.,OP0695,2525658 ONTARIO INC.
2563698 ONTARIO LIMITED,OP0553,2563698 ONTARIO LIMITED
2579024 ONTARIO INC,OP0535,2579024 ONTARIO INC
2585276 ONTARIO LIMITED,OP0224,2585276 ONTARIO LIMITED
2585277 ONTARIO LIMITED,OP0275,2585277 ONTARIO LIMITED
2660 LAKESHORE INC.,OP0700,2660 LAKESHORE INC.
2707 YONGE HOLDINGS LIMITED,OP0474,2707 YONGE HOLDINGS LIMITED
272 BIRMINGHAM LTD,OP0810,272 BIRMINGHAM LTD
2780964 ONTARIO LIMITED,OP0345,2780964 ONTARIO LIMITED
2806275 ONTARIO INC.,OP0633,2806275 ONTARIO INC.
2818 AVENUE PROPERTY MANAGEMENT,OP0602,2818 AVENUE PROPERTY MANAGEMENT
2842845 ONTARIO INC,OP0550,2842845 ONTARIO INC
2857506 ONTARIO INC,OP0816,2857506 ONTARIO INC
2858866 ONTARIO LIMITED,OP0346,2858866 ONTARIO LIMITED
3 WAY INVESTMENTS LTD.,OP0572,3 WAY INVESTMENTS LTD.
3250 KEELE APARTMENTS INC,OP0569,3250 KEELE APARTMENTS INC
33 FLAMBOROUGH INC,OP0162,33 FLAMBOROUGH INC
33 FLAMBOROUGH INC.,OP0162,33 FLAMBOROUGH INC
346 HOPEWELL INC,OP0781,346 HOPEWELL INC
35 CANYON AVENUE LTD.,OP0598,35 CANYON AVENUE LTD.
35 CEDARCROFT BOULEVARD LTD,OP0713,35 CEDARCROFT BOULEVARD LTD
354256 ONTARIO LTD,OP0543,354256 ONTARIO LTD
36 TWELFTH LTD,OP0809,36 TWELFTH LTD
3635 BATHURST ST. REALTY INC.,OP0593,3635 BATHURST ST. REALTY INC.
39 RAGLAN AVE LIMITED,OP0620,39 RAGLAN AVE LIMITED
4 LATIMER HOLDINGS LIMITED,OP0484,4 LATIMER HOLDINGS LIMITED
508 DAWES RD. LTD.,OP0354,508 DAWES RD. LTD.
51 MADISON TORONTO INCORPORATED,OP0018,51 MADISON TORONTO INCORPORATED
55 MONTCLAIR HOLDINGS LIMITED,OP0477,55 MONTCLAIR HOLDINGS LIMITED
571051 ONTARIO LIMITED,OP0698,571051 ONTARIO LIMITED
583647 ONTARIO LIMITED,OP0426,583647 ONTARIO LIMITED
592182 ONTARIO LIMITED,OP0274,592182 ONTARIO LIMITED
6 KINGS POINT HOLDINGS INC.,OP0670,6 KINGS POINT HOLDINGS INC.
620 EVANS,OP0659,620 EVANS
626114/5 ONTARIO LTD,OP0281,626114/5 ONTARIO LTD
630 VESTA HOLDINGS LIMITED,OP0487,630 VESTA HOLDINGS LIMITED
660266 ONTARIO LTD,OP0511,660266 ONTARIO LTD
668308 ONTARIO LIMITED,OP0715,668308 ONTARIO LIMITED
6716741 CANADA INC,OP0473,6716741 CANADA INC
683927 ONTARIO LIMITED,OP0435,683927 ONTARIO LIMITED
709 KEELE HOLDINGS LIMITED,OP0563,709 KEELE HOLDINGS LIMITED
709 KENNEDY HOLDINGS,OP0350,709 KENNEDY HOLDINGS
712880 ONTARIO LIMITED,OP0453,712880 ONTARIO LIMITED
720745 ONTARIO INC.,OP0418,720745 ONTARIO INC.
741476 ONTARIO INC,OP0319,741476 ONTARIO INC.
741476 ONTARIO INC.,OP0319,741476 ONTARIO INC.
75 CO,OP0510,75 CO
7774001 CANADA INC.,OP0292,7774001 CANADA INC.
781 BIRCH PROPERTIES INC,OP0421,781 BIRCH PROPERTIES INC
793163 ONTARIO LIMITED,OP0452,793163 ONTARIO LIMITED
849 BROADVIEW BIRCH PROPERTIES INC.,OP0448,849 BROADVIEW BIRCH PROPERTIES INC.
930264 ONTARIO LIMITED,OP0546,930264 ONTARIO LIMITED
965441 ONTARIO LIMITED,OP0186,965441 ONTARIO LIMITED
966 ST CLAIR HOLDINGS INC,OP0718,966 ST CLAIR HOLDINGS INC
977502 ONTARIO LTD.,OP0478,977502 ONTARIO LTD.
985352 ONTARIO LTD,OP0643,985352 ONTARIO LTD
985473 ONTARIO INC.,OP0579,985473 ONTARIO INC.
A M AND FAMILY HOLDINGS INC,OP0564,A M AND FAMILY HOLDINGS INC
A TOUCH FROM HEAVEN,OP0523,A TOUCH FROM HEAVEN
A.E.V. GUIDA,OP0539,A.E.V. GUIDA
A.V. MANAGEMENT LTD.,OP0522,A.V. MANAGEMENT LTD.
ACCADIA APARTMENTS,OP0226,ACCADIA APARTMENTS
ADAMS & WAKS CONSTRUCTION,OP0140,ADAMS AND WAKS CONSTRUCTION LTD
ADAMS AND WAKS CONSTRUCTION LTD,OP0140,ADAMS AND WAKS CONSTRUCTION LTD
ADMP PROPERTY MANAGEMENT INC.,OP0599,ADMP PROPERTY MANAGEMENT INC.
ADRIATIC APARTMENTS CORP.,OP0745,ADRIATIC APARTMENTS CORP.
ADVENT PROPERTY MANAGEMENT SERVICES,OP0099,ADVENT PROPERTY MANAGEMENT SERVICES LTD.
ADVENT PROPERTY MANAGEMENT SERVICES LTD.,OP0099,ADVENT PROPERTY MANAGEMENT SERVICES LTD.
AFFORDABLE PROPERTY MANAGEMENT,OP0104,AFFORDABLE PROPERTY MANAGEMENT
AFFORDABLE PROPERTY MANAGEMENT INC,OP0104,AFFORDABLE PROPERTY MANAGEMENT
AFFORDABLE PROPERTY MANAGEMENT INC.,OP0104,AFFORDABLE PROPERTY MANAGEMENT
AGC GROUP LTD,OP0196,AGC GROUP LTD
AGINCOURT APARTMENTS,OP0374,AGINCOURT APARTMENTS
AHMADIYYA ABODE OF PEACE,OP0528,AHMADIYYA ABODE OF PEACE
AIDERBOOK MANAGEMENT INC.,OP0696,AIDERBOOK MANAGEMENT INC.
AIDERBROOK MANAGEMENT INC.,OP0006,AIDERBROOK MANAGEMENT INC.
AKELIUS,OP0100,AKELIUS
AKELIUS CANADA INC,OP0028,AKELIUS CANADA LTD
AKELIUS CANADA LTD,OP0028,AKELIUS CANADA LTD
AKELIUS CANADA LTD.,OP0028,AKELIUS CANADA LTD
AKELIUS LTD,OP0100,AKELIUS
AKELIUSCANADALTD,OP0389,AKELIUSCANADALTD
ALDEBRAIN ATTENDANT CARE SERVICES OF TORONTO,OP0344,ALDEBRAIN ATTENDANT CARE SERVICES OF TORONTO
ALEXIS COURT APARTMENTS,OP0586,ALEXIS COURT APARTMENTS
ALTIMA PROPERTIES,OP0331,ALTIMA PROPERTIES
ALTO PROPERTIES INC.,OP0173,ALTO PROPERTIES INC.
AMAN'S RENOVATIONS & PROPERTY MANAGEMENT,OP0377,AMAN'S RENOVATIONS & PROPERTY MANAGEMENT
AMAZ PROPERTY MANAGEMENT,OP0094,AMAZ PROPERTY MANAGEMENT
AMCL HOLDINGS LTD,OP0788,AMCL HOLDINGS LTD
AMELIN PROPERTY MANAGEMENT,OP0151,AMELIN PROPERTY MANAGEMENT
AMG APARTMENTS INC,OP0541,AMG APARTMENTS INC
AMIRA TALAAT,OP0494,AMIRA TALAAT
AMK 2000 HOLDINGS INC,OP0736,AMK 2000 HOLDINGS INC
AMK2000 HOLDINGS INC,OP0656,AMK2000 HOLDINGS INC
ANCHOR PROPERTY MANAGERS INC,OP0077,ANCHOR PROPERTY MANAGERS INC
ANCHOR PROPERTY MANAGERS INC.,OP0077,ANCHOR PROPERTY MANAGERS INC
APARTMENT PROPERTY MANAGEMENT CORP.,OP0391,APARTMENT PROPERTY MANAGEMENT CORP.
APARTMENTS R US PROPERTY MGMT LTD,OP0513,APARTMENTS R US PROPERTY MGMT LTD
APLOMB PROPERTIES INC,OP0417,APLOMB PROPERTIES INC
APPLEDALE PROPERTY MANAGEMENT INC,OP0479,APPLEDALE PROPERTY MANAGEMENT INC
ARCANOS PROPERTY MANAGEMENT CORPORATION,OP0064,ARCANOS PROPERTY MANAGEMENT CORPORATION
ARILEX APARTMENT TRAVEL LODGE,OP0801,ARILEX APARTMENT TRAVEL LODGE
ARISTOCRAT PROPERTY MANAGEMENT,OP0397,ARISTOCRAT PROPERTY MANAGEMENT
ARMBRO GROUP INC,OP0619,ARMBRO GROUP INC
ARTSCAPE NON-PROFIT HOUSING INC.,OP0708,ARTSCAPE NON-PROFIT HOUSING INC.
ASHBRIDGES PROPERTY MANAGEMENT,OP0758,ASHBRIDGES PROPERTY MANAGEMENT
ASP SUNRISE LIMITED,OP0318,ASP SUNRISE LIMITED
ASTON COURT RESIDENCES INC,OP0800,ASTON COURT RESIDENCES INC
ASTROID MANAGEMENT LTD.,OP0289,ASTROID MANAGEMENT LTD.
ATIKSON CO-OP,OP0724,ATIKSON CO-OP
ATLANTIS REALTY SERVICES INC,OP0147,"ATLANTIS REALTY SERVICES, INC."
ATLANTIS REALTY SERVICES INC.,OP0147,"ATLANTIS REALTY SERVICES, INC."
"ATLANTIS REALTY SERVICES, INC.",OP0147,"ATLANTIS REALTY SERVICES, INC."
AVENUE HOLDINGS LTD.,OP0768,AVENUE HOLDINGS LTD.
AVENUE PLACE LTD.,OP0338,AVENUE PLACE LTD.
AVENUE ROAD INVESTMENT LIMITED,OP0592,AVENUE ROAD INVESTMENT LIMITED
AYKLER,OP0118,AYKLER MANAGEMENT
AYKLER & CO REALTY,OP0431,AYKLER & CO REALTY
AYKLER MANAGEMENT,OP0118,AYKLER MANAGEMENT
AYKLER REAL ESTATE,OP0083,AYKLER REAL ESTATE INC.
AYKLER REAL ESTATE INC,OP0083,AYKLER REAL ESTATE INC.
AYKLER REAL ESTATE INC.,OP0083,AYKLER REAL ESTATE INC.
AZURIA GROUP INCORPORATED,OP0149,AZURIA GROUP INCORPORATED
BALLITO BAY HOLDINGS (YORK) LTD.,OP0493,BALLITO BAY HOLDINGS (YORK) LTD.
BARNEY RIVER,OP0271,BARNEY RIVER
BARNEY RIVER INVESTMENT LTD.,OP0621,BARNEY RIVER INVESTMENT LTD.
BARNEY RIVER MANAGEMENT SERVICES,OP0010,BARNEY RIVER MANAGEMENT SERVICES
BATHCLAIR PROPERTIES INC.,OP0288,BATHCLAIR PROPERTIES INC.
BEAUX PROPERTIES MANAGEMENT,OP0070,BEAUX PROPERTIES MANAGEMENT
BEDFORD PROPERTIES,OP0654,BEDFORD PROPERTIES
BENTALLGREENOAK,OP0073,BENTALLGREENOAK
BENTALLGREENOAK RESIDENTIAL SERVICE,OP0327,BENTALLGREENOAK RESIDENTIAL SERVICES
BENTALLGREENOAK RESIDENTIAL SERVICES,OP0327,BENTALLGREENOAK RESIDENTIAL SERVICES
BERKLEY PORPERTY MANAGEMENT INC.,OP0039,BERKLEY PROPERTY MANAGEMENT INC.
BERKLEY PROPERTY,OP0039,BERKLEY PROPERTY MANAGEMENT INC.
BERKLEY PROPERTY MANAGEMENT,OP0039,BERKLEY PROPERTY MANAGEMENT INC.
BERKLEY PROPERTY MANAGEMENT INC,OP0039,BERKLEY PROPERTY MANAGEMENT INC.
BERKLEY PROPERTY MANAGEMENT INC.,OP0039,BERKLEY PROPERTY MANAGEMENT INC.
BERNADA PROPERTIES,OP0183,BERNADA PROPERTIES
BEST RANK INVESTMENTS,OP0365,BEST RANK INVESTMENTS
BETTER LIVING HOMES,OP0145,BETTER LIVING HOMES INC.
BETTER LIVING HOMES INC,OP0145,BETTER LIVING HOMES INC.
BETTER LIVING HOMES INC.,OP0145,BETTER LIVING HOMES INC.
BGO,OP0269,BGO
BIANCA PROPERTIES INC.,OP0335,BIANCA PROPERTIES INC.
BIDDINGTON PROPERTY MANAGEMENT CORP.,OP0097,BIDDINGTON PROPERTY MANAGEMENT CORP.
BIDDINGTON PROPERTY MANAGMENT CORP,OP0231,BIDDINGTON PROPERTY MANAGMENT CORP
BIRCH HOUSING,OP0751,BIRCH HOUSING
BLUE ROOF PROPERTIES LTD,OP0697,BLUE ROOF PROPERTIES LTD
BOULEVARD MANAGEMENT LTD.,OP0300,BOULEVARD MANAGEMENT LTD.
BOWMAN BUILDING PROPERTY MANAGEMENT INC.,OP0456,BOWMAN BUILDING PROPERTY MANAGEMENT INC.
BOZENA SZTUKA,OP0804,BOZENA SZTUKA
BRADLEY COURT LTD.,OP0241,BRADLEY COURT LTD.
BRAYDEN IRWIN,OP0509,BRAYDEN IRWIN
BRIARLANE RENTAL PROPERTY MANAGEMENT INC,OP0026,BRIARLANE RENTAL PROPERTY MANAGEMENT INC.
BRIARLANE RENTAL PROPERTY MANAGEMENT INC.,OP0026,BRIARLANE RENTAL PROPERTY MANAGEMENT INC.
BROADVIEW APARTMENTS INC,OP0449,BROADVIEW APARTMENTS INC
BROKENGOAT INVESTMENTS,OP0547,BROKENGOAT INVESTMENTS
BROOKBANK HOLDINGS INC,OP0682,BROOKBANK HOLDINGS INC
BROOKFIELD PROPERTIES,OP0320,BROOKFIELD PROPERTIES
BROSKO PROPERTY MANAGEMENT,OP0113,BROSKO PROPERTY MANAGEMENT
BRUSHSTONE PROPERTIES LTD,OP0787,BRUSHSTONE PROPERTIES LTD
BWR 2275 CORP,OP0653,BWR 2275 CORP
C/O METCAP LIVING MANAGEMENT INC,OP0091,C/O METCAP LIVING MANAGEMENT INC
C/O METCAP LIVING MANAGEMENT INC.,OP0091,C/O METCAP LIVING MANAGEMENT INC
CALETA CAPITAL,OP0584,CALETA CAPITAL
CAMDEN,OP0437,CAMDEN
CAMDEN PROPERTY MANAGEMENT,OP0434,CAMDEN PROPERTY MANAGEMENT
CANADIAN APARTMENT PROPERTIES REIT,OP0497,CANADIAN APARTMENT PROPERTIES REIT
CANADIAN HELEN KELLER CENTRE,OP0603,CANADIAN HELEN KELLER CENTRE
CANADIAN MACEDONIAN PLACE FOUNDATION,OP0501,CANADIAN MACEDONIAN PLACE FOUNDATION
CANAL PROPERTY MANAGEMENT,OP0198,CANAL PROPERTY MANAGEMENT
CANAL PROPERTY MANGEMENT,OP0631,CANAL PROPERTY MANGEMENT
CANDO APARTMENTS,OP0045,CANDO APARTMENTS LTD.
CANDO APARTMENTS LTD.,OP0045,CANDO APARTMENTS LTD.
CANLIGHT MANAGEMENT INC.,OP0176,CANLIGHT MANAGEMENT INC.
CAPREIT,OP0029,CAPREIT
CAPREIT LIMITED PARTENERSHIP,OP0093,CAPREIT LIMITED PARTNERSHIP
CAPREIT LIMITED PARTNERSHIP,OP0093,CAPREIT LIMITED PARTNERSHIP
CAPREIT LP,OP0029,CAPREIT
CARD CORP,OP0468,CARD CORP
CASMIK PROPERTY MANAGEMENT,OP0531,CASMIK PROPERTY MANAGEMENT
CAST PROPERTIES CORPORATION,OP0617,CAST PROPERTIES CORPORATION
CASTLEHILL PROPERTY MANAGEMENT,OP0085,CASTLEHILL PROPERTY MANAGEMENT
CATERINA PROPERTIES INCORPORATED,OP0009,CATERINA PROPERTIES INCORPORATED
CECARMOUNT CAPITAL INC,OP0823,CECARMOUNT CAPITAL INC
CEDARBRAE TOWERS WEST MANAGEMENT,OP0361,CEDARBRAE TOWERS WEST MANAGEMENT
CEDARMOUNT CAPITAL INC,OP0818,CEDARMOUNT CAPITAL INC
CENTRAL ERIN PROPERTY MANAGEMENT,OP0081,CENTRAL ERIN PROPERTY MANAGEMENT
CENTURION PROPERTY ASSOCIATES INC.,OP0048,CENTURION PROPERTY ASSOCIATES INC.
CENTURY 21,OP0704,CENTURY 21
CENTURY HOLDINGS LTD,OP0223,CENTURY HOLDINGS LTD.
CENTURY HOLDINGS LTD.,OP0223,CENTURY HOLDINGS LTD.
CHARLES DIEU,OP0409,CHARLES DIEU
CHURCH 18 HOLDINGS INC.,OP0315,CHURCH 18 HOLDINGS INC.
CINTREX PROPERTY MANAGEMENT,OP0272,CINTREX PROPERTY MANAGEMENT
CIO MANAGEMENT,OP0707,CIO MANAGEMENT
CLV GROUP,OP0101,CLV GROUP
CLV GROUP INC,OP0101,CLV GROUP
CO-OPERATIVE HOUSING FEDERATION OF TORONTO,OP0424,CO-OPERATIVE HOUSING FEDERATION OF TORONTO
COGIR MANAGEMENT CORPORATION,OP0505,COGIR MANAGEMENT CORPORATION
COGIR MANAGEMENT CORPORATION GP,OP0107,COGIR MANAGEMENT CORPORATION GP
COGIR REAL ESTATE,OP0037,COGIR REAL ESTATE
COLLIERS MACAULAY NICOLLS INC,OP0629,COLLIERS MACAULAY NICOLLS INC
COLLOREDO-MANSFELD,OP0794,COLLOREDO-MANSFELD
COLONIA TREUHAND MANAGEMENT INC.,OP0105,COLONIA TREUHAND MANAGEMENT INC.
COLONNADE BRIDGEPORT,OP0601,COLONNADE BRIDGEPORT
COMER GROUP LIMITED,OP0357,COMER GROUP LIMITED
COMFIELD MANAGEMENT SERVICES INC.,OP0612,COMFIELD MANAGEMENT SERVICES INC.
COMMUNITY FIRST DEVELOPMENT INC,OP0004,COMMUNITY FIRST DEVELOPMENTS INC.
COMMUNITY FIRST DEVELOPMENT INC.,OP0004,COMMUNITY FIRST DEVELOPMENTS INC.
COMMUNITY FIRST DEVELOPMENTS INC,OP0004,COMMUNITY FIRST DEVELOPMENTS INC.
COMMUNITY FIRST DEVELOPMENTS INC.,OP0004,COMMUNITY FIRST DEVELOPMENTS INC.
COMPTEN MANAGEMENT INC.,OP0054,COMPTEN MANAGEMENT INC.
CONCERT REAL ESTATE CORPORATION,OP0820,CONCERT REAL ESTATE CORPORATION
CONCERT REALTY SERVICES LTD.,OP0184,CONCERT REALTY SERVICES LTD.
CONNAUGHT YONGE SQUARE LIMITED,OP0195,CONNAUGHT YONGE SQUARE LIMITED
COPPER CROW PROPERTY MANAGEMENT LTD,OP0719,COPPER CROW PROPERTY MANAGEMENT LTD
CORREL HOLDINGS INC.,OP0538,CORREL HOLDINGS INC.
COSBURN MANOR INC,OP0786,COSBURN MANOR INC
CRECCAL INVESTMENTS LTD,OP0322,CRECCAL INVESTMENTS LTD
CRESTVIEW INVESTMENT CORPORATION - C/O LAWRENCE CONSTRUCTION CO,OP0328,CRESTVIEW INVESTMENT CORPORATION C/O LAWRENCE CONSTRUCTION CO LIMITED
CRESTVIEW INVESTMENT CORPORATION C/O LAWRENCE CONSTRUCTION CO LIMITED,OP0328,CRESTVIEW INVESTMENT CORPORATION C/O LAWRENCE CONSTRUCTION CO LIMITED
CRISTINA DOLENZ,OP0580,CRISTINA DOLENZ
CROMEWLL MANAGEMENT INC.,OP0410,CROMEWLL MANAGEMENT INC.
CROMWELL MANAGEMENT INC,OP0050,CROMWELL MANAGEMENT INC.
CROMWELL MANAGEMENT INC.,OP0050,CROMWELL MANAGEMENT INC.
CZAPLA INVESTMENTS LTD.,OP0309,CZAPLA INVESTMENTS LTD.
D & D MANAGEMENT,OP0280,D AND D MANAGEMENT
D AND D MANAGEMENT,OP0280,D AND D MANAGEMENT
D&D PROPERTY MANAGEMENT,OP0749,D&D PROPERTY MANAGEMENT
D. RASCHILLA DIXON HOLDINGS INC.,OP0680,D. RASCHILLA DIXON HOLDINGS INC.
D. RASCHILLA INVESTMENTS INC.,OP0731,D. RASCHILLA INVESTMENTS INC.
DANAM LIMITED,OP0340,DANAM LIMITED
DANDDMANAGEMENT,OP0529,DANDDMANAGEMENT
DANIELS GATEWAY RENTALS,OP0771,DANIELS GATEWAY RENTALS
DASH PROPERTY MANAGEMENT,OP0148,DASH PROPERTY MANAGEMENT
DAVPART INC,OP0138,DAVPART INC
DAVPART INC.,OP0138,DAVPART INC
DAWES APARTMENTS INC.,OP0498,DAWES APARTMENTS INC.
DBS COMMUNITIES,OP0329,DBS COMMUNITIES
DBS DEVELOPMENTS,OP0776,DBS DEVELOPMENTS
DEBORAH HOLMES,OP0793,DEBORAH HOLMES
DEEP QUONGG COMMUNITY FUND INC,OP0427,DEEP QUONGG COMMUNITY FUND INC
DEL MANAGEMENT,OP0053,DEL MANAGEMENT
DEL MANAGMENT,OP0041,DEL MANAGMENT
DENWIN INVESTMENTS LIMITED,OP0190,DENWIN INVESTMENTS LIMITED
DEVNETT COMPANY,OP0278,DEVNETT COMPANY
DEVONSHIRE PROPERTIES INC.,OP0732,DEVONSHIRE PROPERTIES INC.
DIAMONDWOOD PROPERTY MANAGEMENT INC.,OP0693,DIAMONDWOOD PROPERTY MANAGEMENT INC.
DIXLAND APARTMENTS LTS.,OP0347,DIXLAND APARTMENTS LTS.
DIXON HOLDINGS,OP0301,DIXON HOLDINGS
DMI PROPERTY MANAGEMENT INC.,OP0381,DMI PROPERTY MANAGEMENT INC.
DMS GROUP,OP0830,DMS GROUP
DMS PROPERTY MANAGEMENT,OP0030,DMS PROPERTY MANAGEMENT LTD.
DMS PROPERTY MANAGEMENT LIMITED,OP0030,DMS PROPERTY MANAGEMENT LTD.
DMS PROPERTY MANAGEMENT LTD,OP0030,DMS PROPERTY MANAGEMENT LTD.
DMS PROPERTY MANAGEMENT LTD.,OP0030,DMS PROPERTY MANAGEMENT LTD.
DONROS DEVELOPMENTS LIMITED,OP0012,DONROS DEVELOPMENTS LIMITED
DOVERHOLD INESTMENT LTD.,OP0368,DOVERHOLD INESTMENT LTD.
DPM2 LTD,OP0753,DPM2 LTD
DRAKE PROPERTY MANAGEMENT,OP0157,DRAKE PROPERTY MANAGEMENT
DREAM DEVELOPMENT GROUP CORPORATION,OP0518,DREAM DEVELOPMENT GROUP CORPORATION
DSM INVESTMENT GROUP LIMITED,OP0177,DSM INVESTMENT GROUP LIMITED
DSM INVESTMENT GROUP LTD,OP0177,DSM INVESTMENT GROUP LIMITED
ECUHOME CORPORATION,OP0142,ECUHOME CORPORATION
EICHLER GILBERT PROPERTIES LTD.,OP0291,EICHLER GILBERT PROPERTIES LTD.
EICHLER MANAGEMENT GROUP,OP0438,EICHLER MANAGEMENT GROUP
EICHLER PROPERTIES LTD.,OP0342,EICHLER PROPERTIES LTD.
EIWO CANADIAN MANAGEMENT,OP0681,EIWO CANADIAN MANAGEMENT
ELDEBRON HOLDINGS LIMITED,OP0257,ELDEBRON HOLDINGS LIMITED
ELEMENT PROPERTY MANAGEMENT INC,OP0828,ELEMENT PROPERTY MANAGEMENT INC
ELEVATE PM LIMITED,OP0590,ELEVATE PM LIMITED
ELLSBIRCH LIMITED,OP0725,ELLSBIRCH LIMITED
ELSBERG INVESTMENTS LTD,OP0803,ELSBERG INVESTMENTS LTD
EMBEE PROPERTIES LIMITED,OP0203,EMBEE PROPERTIES LIMITED
EMMANUEL LUTHERAN MANOR,OP0613,EMMANUEL LUTHERAN MANOR
EMPRO CERDOMUS INVESTMENTS INC.,OP0542,EMPRO CERDOMUS INVESTMENTS INC.
ENDERBY DEVELOPMENTS LIMITED,OP0264,ENDERBY DEVELOPMENTS LIMITED
EQUITON LIVING,OP0248,EQUITON LIVING
EQUITON RESIDENTIAL INCOME FUND LP,OP0585,EQUITON RESIDENTIAL INCOME FUND LP
EQUITY BUILDERS,OP0679,EQUITY BUILDERS
EQUITY RESIDENTIAL INC,OP0255,EQUITY RESIDENTIAL INC
ER PROPERTY RENTALS INC.,OP0610,ER PROPERTY RENTALS INC.
ESBIN PROPERTY MANAGEMENT INC.,OP0250,ESBIN PROPERTY MANAGEMENT INC.
EUROPE TINT,OP0807,EUROPE TINT
EXCEL PROPERTY MANAGEMENT,OP0163,EXCEL PROPERTY MANAGEMENT
EZ PROPERTY MANAGEMENT,OP0117,EZ PROPERTY MANAGEMENT LTD
EZ PROPERTY MANAGEMENT LTD,OP0117,EZ PROPERTY MANAGEMENT LTD
EZ PROPERTY MANAGEMENT LTD.,OP0117,EZ PROPERTY MANAGEMENT LTD
FALCO PROPERTIES,OP0130,FALCO PROPERTIES
FALCONWIN PROPERTY MANAGEMENT,OP0187,FALCONWIN PROPERTY MANAGEMENT
FALCONWIN PROPERTY MNG,OP0108,FALCONWIN PROPERTY MNG
FALCOSTA INVESTMENTS,OP0690,FALCOSTA INVESTMENTS
FAMILY FM INC.,OP0755,FAMILY FM INC.
FAR INVESTMENTS INC.,OP0672,FAR INVESTMENTS INC.
FIDELITY PROPERTY MANAGEMENT LIMITED,OP0136,FIDELITY PROPERTY MANAGEMENT LTD
FIDELITY PROPERTY MANAGEMENT LTD,OP0136,FIDELITY PROPERTY MANAGEMENT LTD
FIDES REAL ESTATE LIMITED,OP0256,FIDES REAL ESTATE LIMITED
FIELDGATE PROPERTIES,OP0286,FIELDGATE PROPERTIES
FINCH APARTMENTS LTD,OP0600,FINCH APARTMENTS LTD
FINCH MAIN GARDENS LTD,OP0527,FINCH MAIN GARDENS LTD
FINE REALTY LTD,OP0676,FINE REALTY LTD
FIRM CAPITAL,OP0144,FIRM CAPITAL
FIRM CAPITAL PROPERTIES INC,OP0051,FIRM CAPITAL PROPERTIES INC
FIRST ELNOR HOLDINGS LTD,OP0773,FIRST ELNOR HOLDINGS LTD
FITZROVIA REAL ESTATE INC,OP0326,FITZROVIA REAL ESTATE INC
FLORIRI VILLAGE INVESTMENTS INC,OP0072,FLORIRI VILLAGE INVESTMENTS INC
FOREST GATE,OP0671,FOREST GATE
FOREST GATE GROUP,OP0503,FOREST GATE GROUP
FRANCESCHI FAMILY HOLDINGS INC,OP0540,FRANCESCHI FAMILY HOLDINGS INC
FRASTELL PROPERTY MANAGEMENT INC,OP0252,FRASTELL PROPERTY MANAGEMENT INC
FRED HAGEMAN'S HOLDINGS LTD,OP0317,FRED HAGEMAN'S HOLDINGS LTD.
FRED HAGEMAN'S HOLDINGS LTD.,OP0317,FRED HAGEMAN'S HOLDINGS LTD.
FRED VICTOR,OP0734,FRED VICTOR
FRED VICTOR CENTRE,OP0240,FRED VICTOR CENTRE
FREIMAN INVESTMENTS,OP0298,FREIMAN INVESTMENTS
FUTURE WEST,OP0341,FUTURE WEST
FUTURE WEST LIVING,OP0209,FUTURE WEST LIVING
FV PROPERTY MANAGEMENT,OP0428,FV PROPERTY MANAGEMENT
G & S REALTY INVESTMENTS INC.,OP0637,G & S REALTY INVESTMENTS INC.
G & S REGAL MANAGEMENT LIMITED,OP0175,G & S REGAL MANAGEMENT LIMITED
G. ANTINORI,OP0595,G. ANTINORI
G.C. RENTAL MANAGEMENT,OP0759,G.C. RENTAL MANAGEMENT
G.L.G. DEVELOPMENTS LTD.,OP0283,G.L.G. DEVELOPMENTS LTD.
GA INVESTMENTS,OP0402,GA INVESTMENTS
GABRIEL DUMONT NON-PROFIT HOMES,OP0228,GABRIEL DUMONT NON-PROFIT HOMES
GATEWAY PROPERTY MANAGEMENT CORPORATION,OP0482,GATEWAY PROPERTY MANAGEMENT CORPORATION
GBS PROPERTIES LTD.,OP0400,GBS PROPERTIES LTD.
GDH APARTMENT GROUP LTD.,OP0596,GDH APARTMENT GROUP LTD.
GENTILE HOLDINGS LTD,OP0548,GENTILE HOLDINGS LTD
GIA PROPERTY MANAGEMENT,OP0519,GIA PROPERTY MANAGEMENT
GILINDO MARCOCCHIO LIMITED,OP0092,GILINDO MARCOCCHIO LIMITED
GLEN CORPORATION,OP0182,GLEN CORPORATION
GLEN ELM INVESTMENTS,OP0463,GLEN ELM INVESTMENTS
GLEN WILLOW INVESTMENTS LTD,OP0455,GLEN WILLOW INVESTMENTS LTD
GLENDALE PROPERTIES INC.,OP0258,GLENDALE PROPERTIES INC.
GLOBAL PROPERTIES LTD,OP0351,GLOBAL PROPERTIES LTD
GN INVESTMENT,OP0640,GN INVESTMENT
GOLD SEAL MANAGEMENT,OP0044,GOLD SEAL MANAGEMENT INC.
GOLD SEAL MANAGEMENT INC.,OP0044,GOLD SEAL MANAGEMENT INC.
GOLDEN EQUITY PROPERTIES,OP0003,GOLDEN EQUITY PROPERTIES
GOLDEN PLAZA LTD.,OP0355,GOLDEN PLAZA LTD.
GOLDIE IMPORTS OF CANADA LIMITED,OP0520,GOLDIE IMPORTS OF CANADA LIMITED
GOLDVIEW PROPERTY MANAGEMENT LTD,OP0192,GOLDVIEW PROPERTY MANAGEMENT LTD.
GOLDVIEW PROPERTY MANAGEMENT LTD.,OP0192,GOLDVIEW PROPERTY MANAGEMENT LTD.
GOLFOUR PROPERTY SERVICES INC.,OP0154,GOLFOUR PROPERTY SERVICES INC.
GOOD SHEPHERD NON PROFIT HOMES,OP0829,GOOD SHEPHERD NON PROFIT HOMES
GORBAY COMPANY LIMITED,OP0123,GORBAY COMPANY LIMITED
GOSSNER & HORNAR MANAGEMENT LTD.,OP0095,GOSSNER & HORNAR MANAGEMENT LTD.
GOWAN PROPERTY MANAGEMENT,OP0555,GOWAN PROPERTY MANAGEMENT
GRANGE APARTMENTS INC.,OP0425,GRANGE APARTMENTS INC.
GRANVIEW PROPERTY MANAGEMENT,OP0194,GRANVIEW PROPERTY MANAGEMENT
GRAYDON HALL APARTMENTS - GH CAPITAL CORPORATION,OP0208,GRAYDON HALL APARTMENTS - GH CAPITAL CORPORATION
GREENROCK PROPERTY MANAGEMENT LIMITED,OP0152,GREENROCK PROPERTY MANAGEMENT LIMITED
GREENWIN,OP0022,GREENWIN CORP.
GREENWIN CORP,OP0022,GREENWIN CORP.
GREENWIN CORP.,OP0022,GREENWIN CORP.
GREENWIN ICORP.,OP0369,GREENWIN ICORP.
GREENWIN INC,OP0022,GREENWIN CORP.
GREENWIN INC.,OP0022,GREENWIN CORP.
GRETO INVESTMENTS,OP0581,GRETO INVESTMENTS
GREYSTAR CANADA PROPERTY MANAGEMENT SERVICES LTD,OP0777,GREYSTAR CANADA PROPERTY MANAGEMENT SERVICES LTD
GULBURG INC.,OP0406,GULBURG INC.
GULF PACIFIC PROPERTY MANAGEMENT,OP0723,GULF PACIFIC PROPERTY MANAGEMENT
GULMOUR PROPERTY MANAGEMENT,OP0635,GULMOUR PROPERTY MANAGEMENT
GWLRA,OP0314,GWLRA
GWLRA RESIDENTIAL,OP0098,GWLRA RESIDENTIAL
H & R PROPERTY MANAGEMENT,OP0040,H&R PROPERTY MANAGEMENT
H & R PROPERTY MANAGEMENT LTD,OP0040,H&R PROPERTY MANAGEMENT
H & R PROPERTY MANAGEMENT LTD.,OP0040,H&R PROPERTY MANAGEMENT
H&R PROPERTY MANAGEMENT,OP0040,H&R PROPERTY MANAGEMENT
H&R PROPERTY MANAGEMENT LTD,OP0040,H&R PROPERTY MANAGEMENT
HABOSH INVESTMENTS INC.,OP0423,HABOSH INVESTMENTS INC.
HALLPINE INVESTMENTS INC.,OP0630,HALLPINE INVESTMENTS INC.
HANNAH GROUP,OP0583,HANNAH GROUP
HANNAH PROPERTY MANAGEMENT,OP0038,HANNAH PROPERTY MANAGEMENT LTD.
HANNAH PROPERTY MANAGEMENT LTD,OP0038,HANNAH PROPERTY MANAGEMENT LTD.
HANNAH PROPERTY MANAGEMENT LTD.,OP0038,HANNAH PROPERTY MANAGEMENT LTD.
HANNAH PROPERTY MANAGEMET LTD.,OP0489,HANNAH PROPERTY MANAGEMET LTD.
HANS MYRSKOG,OP0784,HANS MYRSKOG
HASOULAS PROPERTY MANAGEMENT CORPORATION HPHC,OP0296,HASOULAS PROPERTY MANAGEMENT CORPORATION HPHC
HAVCARE INVESTMENTS INC.,OP0015,HAVCARE INVESTMENTS INC.
HAVELOCK APARTMENTS,OP0408,HAVELOCK APARTMENTS
HAZELVIEW PROPERTIES,OP0068,HAZELVIEW PROPERTIES
HAZELVIEW PROPERTIES INC,OP0068,HAZELVIEW PROPERTIES
HAZELVIEW PROPERTIES SERVICES INC,OP0078,HAZELVIEW PROPERTIES SERVICES INC.
HAZELVIEW PROPERTIES SERVICES INC.,OP0078,HAZELVIEW PROPERTIES SERVICES INC.
HAZELVIEW PROPERTY SERVICES INC,OP0031,HAZELVIEW PROPERTY SERVICES INC
HAZELVIEW PROPERTY SERVICES INC.,OP0031,HAZELVIEW PROPERTY SERVICES INC
HD PROPERTY MANAGEMENT,OP0189,HD PROPERTY MANAGEMENT
HELLENIC HOME FOR THE AGED INC.,OP0419,HELLENIC HOME FOR THE AGED INC.
HGH DESIGN BUILD CORP,OP0811,HGH DESIGN BUILD CORP
HIGH VALUE CONSULTANTS LTD,OP0106,HIGH VALUE CONSULTANTS LTD
HILLBURN APARTMENTS,OP0334,HILLBURN APARTMENTS
HOLLY-SOUDAN VENTURES INC.,OP0740,HOLLY-SOUDAN VENTURES INC.
HOLLYBURN PROPERTIES,OP0052,HOLLYBURN PROPERTIES LTD
HOLLYBURN PROPERTIES LIMITED,OP0052,HOLLYBURN PROPERTIES LTD
HOLLYBURN PROPERTIES LTD,OP0052,HOLLYBURN PROPERTIES LTD
HOLLYBURN PROPERTIES LTD.,OP0052,HOLLYBURN PROPERTIES LTD
HOLT MEADOW PROPERTY MANAGEMENT CORP.,OP0236,HOLT MEADOW PROPERTY MANAGEMENT CORP.
HOMES FIRST PROPERTY MANAGEMENT INC.,OP0825,HOMES FIRST PROPERTY MANAGEMENT INC.
HOMES FIRST SOCIETY,OP0076,HOMES FIRST SOCIETY
HOMESKY PROPERTIES INC.,OP0362,HOMESKY PROPERTIES INC.
HOMESTEAD LAND HOLDINGS,OP0034,HOMESTEAD LAND HOLDINGS LIMITED
HOMESTEAD LAND HOLDINGS LIMITED,OP0034,HOMESTEAD LAND HOLDINGS LIMITED
HOUSES OPENING TODAY TORONTO INC.,OP0243,HOUSES OPENING TODAY TORONTO INC.
HOWARD & ASSOCIATES,OP0395,HOWARD & ASSOCIATES
HUMBER VALLEY INVESTMENT GROUP LTD,OP0674,HUMBER VALLEY INVESTMENT GROUP LTD
IGNAZIO AGUECI,OP0551,IGNAZIO AGUECI
IMOR CORPORATION INC.,OP0623,IMOR CORPORATION INC.
IMPERRA GENERAL MANAGEMENT,OP0086,IMPERRA GENERAL MANAGEMENT
IMPERRA GENERAL MANAGMENT,OP0074,IMPERRA GENERAL MANAGMENT
IMPRESSIONS GROUP,OP0017,IMPRESSIONS GROUP
IMTRADEX CORP,OP0235,IMTRADEX CORP
INFINITY PROPERTY MANAGEMENT,OP0701,INFINITY PROPERTY MANAGEMENT
IPG MANAGEMENT GROUP,OP0125,IPG MANAGEMENT GROUP
IPG MANAGEMENT GROUP INC,OP0125,IPG MANAGEMENT GROUP
IPG PROPERTY MANAGEMENT,OP0817,IPG PROPERTY MANAGEMENT
IPS MANAGEMENT,OP0805,IPS MANAGEMENT
J&F GONCALVES,OP0668,J&F GONCALVES
JACK GOODLAD SENIOR CITIZEN RESIDENCES CORPORATION,OP0359,JACK GOODLAD SENIOR CITIZEN RESIDENCES CORPORATION
JANWALK,OP0711,JANWALK
JASPER HOMES,OP0655,JASPER HOMES
JB APARTMENT HOLDINGS,OP0153,JB APARTMENT HOLDINGS
JBLUE ENTERPRISES,OP0458,JBLUE ENTERPRISES
JDC PROPERTY MANAGEMENT INC.,OP0399,JDC PROPERTY MANAGEMENT INC.
JDM APARTMENTS INC,OP0253,JDM APARTMENTS INC
JELCORO INVESTMENTS,OP0607,JELCORO INVESTMENTS
JENNIC INVESTMENTS INC.,OP0158,JENNIC INVESTMENTS INC.
JERAWAN BASIL,OP0783,JERAWAN BASIL
JERUDAN DEVELOPMENTS LIMITED,OP0191,JERUDAN DEVELOPMENTS LIMITED
JLL,OP0769,JLL
JND MANAGEMENT,OP0799,JND MANAGEMENT
JOCHIN INVESTMENTS,OP0339,JOCHIN INVESTMENTS
JOLAN PROPERTIES INC.,OP0532,JOLAN PROPERTIES INC.
JONUS HOLDINGS INC,OP0507,JONUS HOLDINGS INC
K&G APARTMENT HOLDINGS INC,OP0767,K&G APARTMENT HOLDINGS INC
KACH INVESTMENT CORP,OP0669,KACH INVESTMENT CORP
KENAIR APARTMENTS LIMITED,OP0475,KENAIR APARTMENTS LIMITED
KG GROUP,OP0065,KG GROUP
KHYBER DEVELOPMENTS INC,OP0020,KHYBER DEVELOPMENTS INC
KILLAM APARTMENT REIT,OP0730,KILLAM APARTMENT REIT
KING GEORGE APTS.,OP0699,KING GEORGE APTS.
KINGS COLLEGE MANAGEMENT LIMITED,OP0167,KINGS COLLEGE MANAGEMENT LIMITED
KINGS COLLEGE MANAGEMENT LTD.,OP0167,KINGS COLLEGE MANAGEMENT LIMITED
KINSALE INVESTMENTS LTD,OP0649,KINSALE INVESTMENTS LTD
KIPLING RESENDENTIAL MANAGEMENT 1,OP0160,KIPLING RESIDENTIAL MANAGEMENT INC
KIPLING RESIDENTIAL MANAGEMENT 1,OP0160,KIPLING RESIDENTIAL MANAGEMENT INC
KIPLING RESIDENTIAL MANAGEMENT INC,OP0160,KIPLING RESIDENTIAL MANAGEMENT INC
KNRS PROPERTIES INC,OP0063,KNRS PROPERTIES INC
KNRS PROPERTIES INC.,OP0063,KNRS PROPERTIES INC
KOVACS INVESTMENTS LTD,OP0352,KOVACS INVESTMENTS LTD
KPM KINGSWAY PROPERTY MANAGEMENT,OP0132,KPM KINGSWAY PROPERTY MANAGEMENT
KRAL PROPERTY MANAGEMENT INC.,OP0442,KRAL PROPERTY MANAGEMENT INC.
KROMA MANAGEMENT LIMITED,OP0304,KROMA MANAGEMENT LIMITED
KROMA MANAGEMENT LTD.,OP0304,KROMA MANAGEMENT LIMITED
KSM INVESTMENT LTD,OP0385,KSM INVESTMENT LTD
LA STRADA INVESTMENTS LIMITED,OP0638,LA STRADA INVESTMENTS LIMITED
LA VALETTE PROPERTY MANAGEMENT,OP0233,LA VALETTE PROPERTY MANAGEMENT
LAMAN INVESTMENTS INC,OP0576,LAMAN INVESTMENTS INC
LANDLORD PROPERTY & RENTAL MANAGEMENT,OP0069,LANDLORD PROPERTY & RENTAL MANAGEMENT INC
LANDLORD PROPERTY & RENTAL MANAGEMENT INC,OP0069,LANDLORD PROPERTY & RENTAL MANAGEMENT INC
LANDLORD PROPERTY & RENTAL MANAGEMENT INC.,OP0069,LANDLORD PROPERTY & RENTAL MANAGEMENT INC
LANDLORD PROPERTY & RENTAL MGMNT IC,OP0166,LANDLORD PROPERTY & RENTAL MGMNT IC
LANDLORD PROPERTY AND RENTAL MANAGEMENT,OP0069,LANDLORD PROPERTY & RENTAL MANAGEMENT INC
LANDLORD PROPERTY AND RENTAL MGMT INC,OP0166,LANDLORD PROPERTY & RENTAL MGMNT IC
LAROSE HOLDINGS,OP0678,LAROSE HOLDINGS
LAURENTIA APARTMENTS LTD.,OP0270,LAURENTIA APARTMENTS LTD.
LAW PROPERTY MANAGEMENT,OP0111,LAW PROPERTY MANAGEMENT
LAWRENCE CONSTRUCTION CO. LIMITED,OP0079,LAWRENCE CONSTRUCTION CO. LIMITED
LEARON LIMITED,OP0367,LEARON LIMITED
LES CENTRES D'ACCUEIL HERITAGE (OWNS AND MANAGES BLDG CAH IS NOT A PROPERTY MNGMT CO),OP0440,LES CENTRES D'ACCUEIL HERITAGE (OWNS AND MANAGES BLDG CAH IS NOT A PROPERTY MNGMT CO)
LEWIS GARNSWORTHY RESIDENCE,OP0628,LEWIS GARNSWORTHY RESIDENCE
LINDAWACHTEL,OP0565,LINDAWACHTEL
LINFRED INVESTMENT,OP0247,LINFRED INVESTMENTS
LINFRED INVESTMENTS,OP0247,LINFRED INVESTMENTS
LINWOOD MANAGEMENT CORPORATION,OP0207,LINWOOD MANAGEMENT CORPORATION
LIONSGATE COMMUNITIES CORP.,OP0416,LIONSGATE COMMUNITIES CORP.
LIVING PROPERTIES INC,OP0134,LIVING PROPERTIES INC.
LIVING PROPERTIES INC.,OP0134,LIVING PROPERTIES INC.
LOCKWOOD APARTMENTS LTD,OP0636,LOCKWOOD APARTMENTS LTD
LOFT COMMUNITY SERVICES,OP0181,LOFT COMMUNITY SERVICES
LORAVIEW HOLDINGS INC.,OP0358,LORAVIEW HOLDINGS INC.
LOYOLA ARRUPE CORPORATION,OP0234,LOYOLA ARRUPE CORPORATION
LVOV,OP0407,LVOV
M&R PROPERTY MANAGEMENT,OP0049,M&R PROPERTY MANAGEMENT
MACDANE INVESTMENTS,OP0537,MACDANE INVESTMENTS
MADISON VIEW HOMES,OP0775,MADISON VIEW HOMES
MAHOGANY MANAGEMENT,OP0310,MAHOGANY MANAGEMENT
"MANTLER, BOWMAN AND ASSOCIATES INC.",OP0090,"MANTLER, BOWMAN AND ASSOCIATES INC."
MAPLE LEAF PROPERTY MANAGEMENT,OP0137,MAPLE LEAF PROPERTY MANAGEMENT
MAR-KAL PROPERTY MANAGEMENT COMPANY LIMTED,OP0626,MAR-KAL PROPERTY MANAGEMENT COMPANY LIMTED
MARBROOK DEVELOPMENTS LTD.,OP0284,MARBROOK DEVELOPMENTS LTD.
MARCEL PHARAND INVESTMENTS INC,OP0815,MARCEL PHARAND INVESTMENTS INC
MARK & ROMA SAUNDERS,OP0675,MARK & ROMA SAUNDERS
MARKAR LIMITED,OP0796,MARKAR LIMITED
MARMOR INVESTMENTS INC,OP0521,MARMOR INVESTMENTS INC
MARQUESA APARTMENTS LIMITED,OP0486,MARQUESA APARTMENTS LIMITED
MARQUIS HOLDINGS LP,OP0694,MARQUIS HOLDINGS LP
MARS INVESTMENTS CO.,OP0743,MARS INVESTMENTS CO.
MARSHA SWITZER,OP0201,MARSHA SWITZER
MASGAR INVESTMENTS LTD.,OP0641,MASGAR INVESTMENTS LTD.
MAYA INVESTMENTS LTD.,OP0496,MAYA INVESTMENTS LTD.
MAYER INVESTMENTS LIMITED,OP0308,MAYER INVESTMENTS LIMITED
MCCOR MANAGEMENT (EAST) INC,OP0011,MCCOR MANAGEMENT (EAST) INC
MECKK PROPERTIES LIMITED,OP0277,MECKK PROPERTIES LIMITED
MEDALLION CORP,OP0035,MEDALLION CORPORATION
MEDALLION CORPORATION,OP0035,MEDALLION CORPORATION
MEGACITY MANAGAMENT INC.,OP0594,MEGACITY MANAGAMENT INC.
MEGAPRO PROPERTIES,OP0470,MEGAPRO PROPERTIES
MEI KUSWANTO,OP0782,MEI KUSWANTO
MELBOURNE PROPERTY MANAGEMENT,OP0436,MELBOURNE PROPERTY MANAGEMENT
"MENICUCCI, MARIO; MENICUCCI, IVA; MENICUCCI, POMPILIO; MENICUCCI, FRANCES",OP0336,"MENICUCCI, MARIO; MENICUCCI, IVA; MENICUCCI, POMPILIO; MENICUCCI, FRANCES"
"MENICUCCI, POMPILIO; MENICUCCI, FRANCES; MENICUCCI, MARIO; MENICUCCI, IVA",OP0348,"MENICUCCI, POMPILIO; MENICUCCI, FRANCES; MENICUCCI, MARIO; MENICUCCI, IVA"
MERKUR PROPERTIES C/O GREENWIN CORP.,OP0332,MERKUR PROPERTIES C/O GREENWIN CORP.
METCAP LIVING INC,OP0024,METCAP LIVING MANAGEMENT INC.
METCAP LIVING MANAGEMENT INC,OP0024,METCAP LIVING MANAGEMENT INC.
METCAP LIVING MANAGEMENT INC.,OP0024,METCAP LIVING MANAGEMENT INC.
MICHAEL WESTWOOD,OP0780,MICHAEL WESTWOOD
MICRON AIR SYSTEMS INC,OP0798,MICRON AIR SYSTEMS INC
MID-WILSON APTS LTD,OP0727,MID-WILSON APTS LTD
MIDAN PROPERTIES INC.,OP0573,MIDAN PROPERTIES INC.
MIDLAND PLACE INC,OP0343,MIDLAND PLACE INC
MINT ASSET MANAGEMENT,OP0075,MINT ASSET MANAGEMENT LTD
MINT ASSET MANAGEMENT LTD,OP0075,MINT ASSET MANAGEMENT LTD
MINT ASSET MANAGEMENT LTD.,OP0075,MINT ASSET MANAGEMENT LTD
MINTO PROPERTIES,OP0055,MINTO PROPERTIES INC.
MINTO PROPERTIES INC,OP0055,MINTO PROPERTIES INC.
MINTO PROPERTIES INC.,OP0055,MINTO PROPERTIES INC.
MIRAMAR PROPERTY MANAGEMENT,OP0143,MIRAMAR PROPERTY MANAGEMENT
MODEL BUILDING MAINTENANCE INC,OP0202,MODEL BUILDING MAINTENANCE INC
MOMIJI SENIORS RESIDENCE,OP0364,MOMIJI SENIORS RESIDENCE
MONTCREST SCHOOL,OP0447,MONTCREST SCHOOL
MONTEREY PARK INC.,OP0067,MONTEREY PARK INC.
MORDINI MANAGEMENT,OP0802,MORDINI MANAGEMENT
MORGUAR CORP.,OP0742,MORGUAR CORP.
MORGUARD,OP0103,MORGUARD CORPORATION
MORGUARD CORP.,OP0103,MORGUARD CORPORATION
MORGUARD CORPORATION,OP0103,MORGUARD CORPORATION
MORGUARD NAR CANADA L.P,OP0156,MORGUARD NAR CANADA L.P
MORGUARD NAR CANDA L.P,OP0156,MORGUARD NAR CANADA L.P
MORGUARD RESIDENTIAL,OP0062,MORGUARD RESIDENTIAL
MORTIMER RENTALS INC,OP0506,MORTIMER RENTALS INC
MPC PROPERTIES INC.,OP0353,MPC PROPERTIES INC.
MPCT DIF COSBURN AVENUE GP INC.,OP0761,MPCT DIF COSBURN AVENUE GP INC.
MPM INC.,OP0135,MPM INC.
MRF RIDLEY INC.,OP0661,MRF RIDLEY INC.
MTS CORP INC,OP0611,MTS CORP INC
MYRIAD PROPERTY MANAGEMENT,OP0115,MYRIAD PROPERTY MANAGEMENT
MYRIAD PROPERTY MANAGENT,OP0726,MYRIAD PROPERTY MANAGENT
MYRIAM GUACHILEMA VELARDE,OP0795,MYRIAM GUACHILEMA VELARDE
MYRMEX NON-PROFIT HOUSING,OP0433,MYRMEX NON-PROFIT HOUSING
MYROSLAWA LIDIA NAHIRNYJ,OP0685,MYROSLAWA LIDIA NAHIRNYJ
N.H.D. DEVELOPMENTS LIMITED,OP0089,N.H.D. DEVELOPMENTS LIMITED
N/A,OP0116,N/A
NA,OP0169,NA
NANAK HOLDINGS INC.,OP0375,NANAK HOLDINGS INC.
NAZAR PROPERTY MANAGEMENT,OP0465,NAZAR PROPERTY MANAGEMENT
NEIGHBOURHOOD LINK HOMES,OP0188,NEIGHBOURHOOD LINK HOMES
NEIGHBOURS COMMUNITY HOMES,OP0042,NEIGHBOURS COMMUNITY HOMES
NEIGHBOURS NON-PROFIT HOMES,OP0178,NEIGHBOURS NON-PROFIT HOMES
NEW FRONTIERS ABORIGINAL RESIDENTIAL CORPORATION,OP0249,NEW FRONTIERS ABORIGINAL RESIDENTIAL CORPORATION
NEW SPADINA GARMENT INDUSTRY CORPORATION,OP0657,NEW SPADINA GARMENT INDUSTRY CORPORATION
NEW STAR HOLDINGS INC,OP0790,NEW STAR HOLDINGS INC
NICK ANAGNOSTOPOULOS,OP0797,NICK ANAGNOSTOPOULOS
NIL,OP0378,NIL
NINETY WARREN ROAD APARTMENTS,OP0476,NINETY WARREN ROAD APARTMENTS
NIOT INVESTMENT HOLDINGS LIMITED,OP0313,NIOT INVESTMENT HOLDINGS LIMITED
NISHNAWBE HOMES INC,OP0321,NISHNAWBE HOMES INC
NIVIST DEVELOPMENTS LTD,OP0323,NIVIST DEVELOPMENTS LTD
NMR PROPERTIES,OP0279,NMR PROPERTIES
NONE,OP0200,NONE
NORCAP PROPERTIES INC.,OP0658,NORCAP PROPERTIES INC.
NORTH 44 PROPERTY MANAGEMENT INC,OP0057,NORTH 44 PROPERTY MANAGEMENT INC
NORTH EDGE PROPERTIES LTD.,OP0150,NORTH EDGE PROPERTIES LTD.
NORTH PARK HOLDINGS INC,OP0302,NORTH PARK HOLDINGS INC.
NORTH PARK HOLDINGS INC.,OP0302,NORTH PARK HOLDINGS INC.
NORTH TORONTO HERITAGE,OP0480,NORTH TORONTO HERITAGE
NORTH44 PROPERTY MANAGEMENT INC,OP0747,NORTH44 PROPERTY MANAGEMENT INC
NORTHMINSTER RESIDENCES OF TORONTO,OP0533,NORTHMINSTER RESIDENCES OF TORONTO
NORTHVIEW APARTMENT REIT,OP0131,NORTHVIEW APARTMENT REIT
NOT APPLICABLE,OP0495,NOT APPLICABLE
NOVI PROPERTIES,OP0155,NOVI PROPERTIES
NUMERT INVESTMENTS,OP0464,NUMERT INVESTMENTS
O'CONNOR APTS LTD,OP0763,O'CONNOR APTS LTD
O'SHANTER DEVELOPMENT COMAPNY LTD.,OP0588,O'SHANTER DEVELOPMENT COMAPNY LTD.
O'SHANTER DEVELOPMENT COMPANY,OP0047,O'SHANTER DEVELOPMENT COMPANY LTD.
O'SHANTER DEVELOPMENT COMPANY LTD,OP0047,O'SHANTER DEVELOPMENT COMPANY LTD.
O'SHANTER DEVELOPMENT COMPANY LTD.,OP0047,O'SHANTER DEVELOPMENT COMPANY LTD.
O'SHANTER DEVELPOMENT COMPANY LTD.,OP0047,O'SHANTER DEVELOPMENT COMPANY LTD.
OBEN PM INC.,OP0738,OBEN PM INC.
OCTOPUS INVESTMENT CORP,OP0262,OCTOPUS INVESTMENT CORP
OLIVE CORP,OP0260,OLIVE CORP.
OLIVE CORP.,OP0260,OLIVE CORP.
OLYMPIA PROPERTIES INC.,OP0211,OLYMPIA PROPERTIES INC.
ONTARI HOLDINGS LTD AND 88 QUEEN FITZROVIA INC,OP0330,ONTARI HOLDINGS LTD AND 88 QUEEN FITZROVIA INC
ONTARIO PROPERTY MANAGEMENT GROUP INC.,OP0432,ONTARIO PROPERTY MANAGEMENT GROUP INC.
OPERATING ENGINEERS LOCAL 793 NPH INC,OP0608,OPERATING ENGINEERS LOCAL 793 NPH INC
ORCHARD APARTMENTS (2328) INC,OP0691,ORCHARD APARTMENTS (2328) INC
ORCHARD APARTMENTS (307) INC,OP0673,ORCHARD APARTMENTS (307) INC
ORCHARD APARTMENTS (BLOOR) INC,OP0127,ORCHARD APARTMENTS (BLOOR) INC
ORCHARD APARTMENTS (SOUTH KINGSWAY) INC.,OP0214,ORCHARD APARTMENTS (SOUTH KINGSWAY) INC.
ORCHARD PARK PROPERTY MANAGEMENT,OP0084,ORCHARD PARK PROPERTY MANAGEMENT
ORIOLE COURT MANAGEMENT,OP0254,ORIOLE COURT MANAGEMENT
OS PROPERTIES,OP0650,OS PROPERTIES
OUR SAVIOUR THISTLETOWN LUTHERAN LODGE,OP0721,OUR SAVIOUR THISTLETOWN LUTHERAN LODGE
OWNER,OP0500,OWNER
OWNER MANAGED,OP0394,OWNER MANAGED
OZ PROPERTY MANAGEMENT LTD,OP0179,OZ PROPERTY MANAGEMENT LTD
PACE PROPERTY MANAGEMENT,OP0703,PACE PROPERTY MANAGEMENT
PAD INC,OP0831,PAD INC
PAIN REHABILITATION CLINIC INC.,OP0422,PAIN REHABILITATION CLINIC INC.
PANTHERA BUILDING CORP,OP0502,PANTHERA BUILDING CORP
PAR-MED PROPERTY SERVICES INC.,OP0239,PAR-MED PROPERTY SERVICES INC.
PARALLEL PROPERTY MANAGEMENT,OP0485,PARALLEL PROPERTY MANAGEMENT
PARK PROPERTY MANAGEMENT INC,OP0032,PARK PROPERTY MANAGEMENT INC.
PARK PROPERTY MANAGEMENT INC.,OP0032,PARK PROPERTY MANAGEMENT INC.
PARKDALE PROPERTY MANAGMENT,OP0388,PARKDALE PROPERTY MANAGMENT
PARKDALE UNITED CHURCH FOUNDATION INC.,OP0384,PARKDALE UNITED CHURCH FOUNDATION INC.
PARKETTE PLACE APTS INC.,OP0333,PARKETTE PLACE APTS INC.
PARKFIELD PROPERTIES INC C/O PARKFIELD PROPERTIES,OP0765,PARKFIELD PROPERTIES INC C/O PARKFIELD PROPERTIES
PARKVIEW PROPERTIES INC,OP0337,PARKVIEW PROPERTIES INC
PARKWOODS MANAGEMENT,OP0170,PARKWOODS MANAGEMENT
PAUL THORNTON,OP0225,PAUL THORNTON
PEAKMADE CAMPUS CANADA,OP0739,PEAKMADE CAMPUS CANADA
PEGASUS GROUP,OP0386,PEGASUS GROUP
PELL HOMES REAL ESTATE INC,OP0221,PELL HOMES REAL ESTATE INC
PENNYLANE PROPERTIES,OP0752,PENNYLANE PROPERTIES
PERFORMANCE PROPERTY MANAGEMENT,OP0112,PERFORMANCE PROPERTY MANAGEMENT INC.
PERFORMANCE PROPERTY MANAGEMENT INC,OP0112,PERFORMANCE PROPERTY MANAGEMENT INC.
PERFORMANCE PROPERTY MANAGEMENT INC.,OP0112,PERFORMANCE PROPERTY MANAGEMENT INC.
PERGOS DEVELOPMENTS,OP0141,PERGOS DEVELOPMENTS
PETAR TUCAKOV,OP0574,PETAR TUCAKOV
PHC INC.,OP0210,PHC INC.
PHYMETRIX LTD.,OP0826,PHYMETRIX LTD.
PIC PROPERTY MANAGEMENT,OP0360,PIC PROPERTY MANAGEMENT
PINEDALE PROPERTIES LTD,OP0043,PINEDALE PROPERTIES LTD
PJJASLAR HOLDINGS - WESTRIDGE PROPERTIES LP,OP0267,PJJASLAR HOLDINGS - WESTRIDGE PROPERTIES LP
POLOCO HOLDINGS INC.,OP0261,POLOCO HOLDINGS INC.
POTOMAC CONSTRUCTION LIMITED,OP0220,POTOMAC CONSTRUCTION LIMITED
PRECIOUS PROPERTIES INC,OP0016,PRECIOUS PROPERTIES INC
PRECISION PROPERTY MANAGEMENT,OP0514,PRECISION PROPERTY MANAGEMENT
PREMAX MANAGEMENT LIMITED,OP0366,PREMAX MANAGEMENT LIMITED
PRESCOTT APTS. INC.,OP0356,PRESCOTT APTS. INC.
PRESIDENTIAL MSH CORPORATION,OP0268,PRESIDENTIAL MSH CORPORATION
PRESTON GROUP,OP0504,PRESTON GROUP
"PRESTON GROUP - TORONTO, ON",OP0229,"PRESTON GROUP - TORONTO, ON"
PRINCE CHARLES TERRACE APARTMENTS LIMITED,OP0483,PRINCE CHARLES TERRACE APARTMENTS LIMITED
PRINCESS MANAGEMENT,OP0060,PRINCESS MANAGEMENT
PROPERTY MANAGEMENT GATEWAY,OP0403,PROPERTY MANAGEMENT GATEWAY
PROPERTY SERVICES INC.,OP0096,PROPERTY SERVICES INC.
PRUDENCE MANAGEMENT INC.,OP0325,PRUDENCE MANAGEMENT INC.
PSN PROPERTIES INC.,OP0124,PSN PROPERTIES INC.
Q RESIDENTIAL,OP0056,Q RESIDENTIAL
QHN CORPORATION,OP0647,QHN CORPORATION
QMW PROPERTIES INC.,OP0102,QMW PROPERTIES INC.
QUADREAL PROPERTY GROUP,OP0119,QUADREAL PROPERTY GROUP
QUADREAL RESIDENTIAL PROPERTIES G.P. INC.,OP0109,QUADREAL RESIDENTIAL PROPERTIES G.P. INC.
QUON FAMILY HOLDINGS LTD.,OP0785,QUON FAMILY HOLDINGS LTD.
R A B PROPERTIES LIMITED,OP0161,R A B PROPERTIES LIMITED
R K HOLDINGS - 2 HILL HEIGHTS LTD,OP0665,R K HOLDINGS - 2 HILL HEIGHTS LTD
RADAR PROPERTY MANAGEMENT INC,OP0218,RADAR PROPERTY MANAGEMENT INC
RAFAELLO PLACE,OP0566,RAFAELLO PLACE
RAINBOW MANAGEMENT INC,OP0430,RAINBOW MANAGEMENT INC
RAM-LAND PROPERTY MANAGEMENT,OP0126,RAM-LAND PROPERTY MANAGEMENT
RANEE MANAGEMENT,OP0036,RANEE MANAGEMENT
REALSTAR,OP0033,REALSTAR
REDWOOD PROPERTIES,OP0311,REDWOOD PROPERTIES
REM FACILITIES MANAGEMENT INC,OP0490,REM FACILITIES MANAGEMENT INC
RENTPEDIA INC,OP0706,RENTPEDIA INC
REXDALE PRESBYTERIAN SENIOR CITIZENS CORPORATION,OP0692,REXDALE PRESBYTERIAN SENIOR CITIZENS CORPORATION
RHAPSODY PROPERTY MANAGEMENT,OP0165,RHAPSODY PROPERTY MANAGEMENT
RHAPSODY PROPERTY MANAGEMENT SERVICE,OP0066,RHAPSODY PROPERTY MANAGEMENT SERVICES
RHAPSODY PROPERTY MANAGEMENT SERVICES,OP0066,RHAPSODY PROPERTY MANAGEMENT SERVICES
RHAPSODY PROPERTY MANAGEMENT SERVICES - KINGS CLUB RESIDENCES INC.,OP0766,RHAPSODY PROPERTY MANAGEMENT SERVICES - KINGS CLUB RESIDENCES INC.
RHAPSODY PROPERTY MANAGEMENT SERVICES LP,OP0066,RHAPSODY PROPERTY MANAGEMENT SERVICES
RICHMOND COMMUNITY MANAGEMENT SERVICES CORP,OP0007,RICHMOND COMMUNITY MANAGEMENT SERVICES CORP.
RICHMOND COMMUNITY MANAGEMENT SERVICES CORP.,OP0007,RICHMOND COMMUNITY MANAGEMENT SERVICES CORP.
"RICHMOND COMMUNITY SERVICE CORP.   PH905 470 1244 ,CELL 289 200 6649",OP0614,"RICHMOND COMMUNITY SERVICE CORP.   PH905 470 1244 ,CELL 289 200 6649"
RICHTREE CAPITAL CORP,OP0534,RICHTREE CAPITAL CORP
RIVERDALE HOUSING ACTION GROUP,OP0460,RIVERDALE HOUSING ACTION GROUP
RKH INVESTMENT LTD,OP0259,RKH INVESTMENT LTD
RMC INTERNATIONAL INC,OP0720,RMC INTERNATIONAL INC
ROBERT SLIGHTHAM,OP0265,ROBERT SLIGHTHAM
ROCK RIDGE INVESTMENTS,OP0709,ROCK RIDGE INVESTMENTS
ROEHAMPTON TOWERS INC.,OP0469,ROEHAMPTON TOWERS INC.
ROLIN REALTY LIMITED,OP0748,ROLIN REALTY LIMITED
RONA PROPERTY MANAGEMENT,OP0570,RONA PROPERTY MANAGEMENT
RONCI MANAGEMENT,OP0295,RONCI MANAGEMENT
RONCI MANGEMENT,OP0664,RONCI MANGEMENT
RONKAY MANAGEMENT INC.,OP0216,RONKAY MANAGEMENT INC.
ROSS WILSON HOLDINGS LTD.,OP0660,ROSS WILSON HOLDINGS LTD.
ROXBOROUGH COMMUNITIES,OP0266,ROXBOROUGH COMMUNITIES
ROYAL COURTYARDS PROPERTY MANAGEMENT,OP0606,ROYAL COURTYARDS PROPERTY MANAGEMENT
ROYAL DOWNS DEVELOPMENT LIMITED,OP0199,ROYAL DOWNS DEVELOPMENT LIMITED
ROYAL DOWNS DEVELOPMENTS LIMITED,OP0199,ROYAL DOWNS DEVELOPMENT LIMITED
ROYAL LEPAGE SIGNATURE REALTY,OP0197,ROYAL LEPAGE SIGNATURE REALTY
ROYALLEPAGE,OP0625,ROYALLEPAGE
RPMS,OP0120,RPMS
RYDEL MANAGEMENT INC.,OP0171,RYDEL MANAGEMENT INC.
RYIS PROPERTIES INC,OP0589,RYIS PROPERTIES INC
S & T  TWO INC,OP0559,S & T  TWO INC
S & T INC,OP0276,S & T INC
SANBERG INVESTMENTS INC.,OP0651,SANBERG INVESTMENTS INC.
SAROSSA INVESTMENTS INC,OP0587,SAROSSA INVESTMENTS INC
SB PROPERTY RENTALS INC,OP0609,SB PROPERTY RENTALS INC
SCHICKEDANZ BROS. PROPERTIES,OP0110,SCHICKEDANZ BROS. PROPERTIES
SELF,OP0702,SELF
SELF MANAGED,OP0227,SELF MANAGED
SHAHUKAR PROPERTIES CORP,OP0712,SHAHUKAR PROPERTIES CORP
SHALLOW'S APARTMENTS,OP0663,SHALLOW'S APARTMENTS
SHELBORNE PROPERTY MANAGEMENT,OP0172,SHELBORNE PROPERTY MANAGEMENT INC
SHELBORNE PROPERTY MANAGEMENT INC,OP0172,SHELBORNE PROPERTY MANAGEMENT INC
SHEPHERD VILALGE INC,OP0714,SHEPHERD VILALGE INC
SHIPLAKE PROPERTIES LTD,OP0164,SHIPLAKE PROPERTIES LTD.
SHIPLAKE PROPERTIES LTD.,OP0164,SHIPLAKE PROPERTIES LTD.
SHOLARS DEVELOPMENTS LTD AND RACHEL HERSH,OP0814,SHOLARS DEVELOPMENTS LTD AND RACHEL HERSH
SIGMA CANADA INC.,OP0168,SIGMA CANADA INC.
SIGNET GROUP INC,OP0027,SIGNET GROUP INC.
SIGNET GROUP INC.,OP0027,SIGNET GROUP INC.
SILVANA MCDOWELL,OP0571,SILVANA MCDOWELL
SILVERCORE PROPERTIES INC,OP0088,SILVERCORE PROPERTIES INC
SILVERCORE PROPERTIES INC.,OP0088,SILVERCORE PROPERTIES INC
SITELINE RESIDENTIAL MANAGEMENT,OP0080,SITELINE RESIDENTIAL MANAGEMENT INC.
SITELINE RESIDENTIAL MANAGEMENT INC.,OP0080,SITELINE RESIDENTIAL MANAGEMENT INC.
SIX POINTS SUITES INC,OP0212,SIX POINTS SUITES INC.
SIX POINTS SUITES INC.,OP0212,SIX POINTS SUITES INC.
SK PROPERTIES & DEVELOPMENT INC,OP0244,SK PROPERTIES & DEVELOPMENT INC
SKY PROPERTY MANAGEMENT INC.,OP0466,SKY PROPERTY MANAGEMENT INC.
SKYVIEW MANAGEMENT LTD.,OP0174,SKYVIEW MANAGEMENT LTD.
SMARTSELL MARKETING,OP0180,SMARTSELL MARKETING
SOFIENE BOUSSELMI,OP0764,SOFIENE BOUSSELMI
SOTAM INVESTMENT GROUP LIMITED,OP0639,SOTAM INVESTMENT GROUP LIMITED
SOWEIN APARTMENTS,OP0508,SOWEIN APARTMENTS
SPEARHEARD PROPERTY MANAGEMENT LTD.,OP0642,SPEARHEARD PROPERTY MANAGEMENT LTD.
SPICECART PROPERTY MANAGEMENT,OP0242,SPICECART PROPERTY MANAGEMENT
ST CLAIR PLACE,OP0750,ST CLAIR PLACE
ST CLARE'S MULTIFAITH HOUSING,OP0441,ST CLARE'S MULTIFAITH HOUSING
ST CLARES MULTIFAITH HOUSING SOCIETY,OP0146,ST. CLARE'S MULTIFAITH HOUSING SOCIETY
ST JOSEPHS SENIORS CITIZENS APARTMENTS,OP0791,ST JOSEPHS SENIORS CITIZENS APARTMENTS
ST JUDE COMMUNITY HOMES,OP0217,ST. JUDE COMMUNITY HOMES
ST MATTHEWS BRACONDALE HOUSE,OP0238,ST MATTHEWS BRACONDALE HOUSE
ST. CLARE'S MULTIFAITH HOUSING SOCIETY,OP0146,ST. CLARE'S MULTIFAITH HOUSING SOCIETY
ST. FELIX CENTRE,OP0390,ST. FELIX CENTRE
ST. JUDE COMMUNITY HOMES,OP0217,ST. JUDE COMMUNITY HOMES
ST. PAUL'S L'AMOREAUX CENTRE,OP0710,ST. PAUL'S L'AMOREAUX CENTRE
STATE BUILDING GROUP,OP0646,STATE BUILDING GROUP
STEELHOUSE PROPERTIES INC,OP0213,STEELHOUSE PROPERTIES INC.
STEELHOUSE PROPERTIES INC.,OP0213,STEELHOUSE PROPERTIES INC.
STEIN & REGENCY CONSTRUCTION MANAGEMENT CO.,OP0824,STEIN & REGENCY CONSTRUCTION MANAGEMENT CO.
STERLING KARAMAR,OP0462,STERLING KARAMAR
STERLING KARAMAR PROPERTY MANAGEMENT,OP0025,STERLING KARAMAR PROPERTY MANAGEMENT
STERLING KARAMAR PROPERTY MANAGMENT,OP0591,STERLING KARAMAR PROPERTY MANAGMENT
STREET HAVEN,OP0420,STREET HAVEN
SULIN PROPERTY GROUP,OP0536,SULIN PROPERTY GROUP
SUMMA PROPERTY MANAGEMENT,OP0205,SUMMA PROPERTY MANAGEMENT
SUMMERHILL PROPERTY MANAGEMENT,OP0414,SUMMERHILL PROPERTY MANAGEMENT
SUMMIT HOLDINGS,OP0305,SUMMIT HOLDINGS
SUNRISE PROPERTY MANAGEMENT,OP0282,SUNRISE PROPERTY MANAGEMENT
SUPREME MORTGAGE,OP0813,SUPREME MORTGAGE
SUSYN SMITH,OP0562,SUSYN SMITH
SWISS CANADIAN MANAGEMENT CO. LTD.,OP0461,SWISS CANADIAN MANAGEMENT CO. LTD.
SYLMAR INVESTMENTS INC,OP0760,SYLMAR INVESTMENTS INC
SYRMIUM HOLDINGS INC,OP0779,SYRMIUM HOLDINGS INC
T.A.S.K PROPERTY MANAGEMENT INC,OP0297,T.A.S.K. PROPERTY MANAGEMENT INC.
T.A.S.K. PROPERTY MANAGEMENT INC.,OP0297,T.A.S.K. PROPERTY MANAGEMENT INC.
T2 RENTALS,OP0827,T2 RENTALS
TAMRON PROPERTY MANAGEMENT,OP0634,TAMRON PROPERTY MANAGEMENT
TANDEM PROPERTY MANAGEMENT INC,OP0285,TANDEM PROPERTY MANAGEMENT INC
TCH,OP0023,TCH
TCH- COMMERTIAL,OP0376,TCH- COMMERTIAL
TCHC-WEST REGION,OP0819,TCHC-WEST REGION
TDL MANAGEMENT CO.,OP0467,TDL MANAGEMENT CO.
TEK INVESTMENT,OP0273,TEK INVESTMENT
TERA DITTA HOLDINGS INC.,OP0762,TERA DITTA HOLDINGS INC.
TERRACE WOOD APARTMENTS C/O SKYVIEW LIVING,OP0525,TERRACE WOOD APARTMENTS C/O SKYVIEW LIVING
TERRANCE GOLDTHORPE,OP0019,TERRANCE GOLDTHORPE
TERRY BURFORD,OP0746,TERRY BURFORD
TGA MANAGEMENT SERVICES,OP0396,TGA MANAGEMENT SERVICES
TGIC INVESTMENTS,OP0754,TGIC INVESTMENTS
THE BROWN GROUP OF COMPANIES INC,OP0059,THE BROWN GROUP OF COMPANIES INC.
THE BROWN GROUP OF COMPANIES INC.,OP0059,THE BROWN GROUP OF COMPANIES INC.
THE ELIA CORPORATION,OP0677,THE ELIA CORPORATION
THE HOWARD PROPERTY COMPANY (2515) INC.,OP0488,THE HOWARD PROPERTY COMPANY (2515) INC.
THE HOWARD PROPERTY COMPANY INC.,OP0471,THE HOWARD PROPERTY COMPANY INC.
THE LERANING ENRICHMENT FOUNDATION,OP0644,THE LERANING ENRICHMENT FOUNDATION
THE MORASSUTTI GROUP,OP0667,THE MORASSUTTI GROUP
THE RW SUITES CORPORATION C/O WESTDALE PROPERTIES,OP0472,THE RW SUITES CORPORATION C/O WESTDALE PROPERTIES
THED SALVATION ARMY TORONTO HARBOURLIGHT MINISTRIES,OP0733,THED SALVATION ARMY TORONTO HARBOURLIGHT MINISTRIES
THISTLE C.N.C LTD.,OP0561,THISTLE C.N.C LTD.
THREE R PROPERTY MANAGEMENT CORPORATION,OP0061,THREE R PROPERTY MANAGEMENT CORPORATION
THRIVING PROPERTY MANAGEMENT,OP0516,THRIVING PROPERTY MANAGEMENT
TIMBERCREEK COMMUNITIES,OP0683,TIMBERCREEK COMMUNITIES
TIPPET PARK TWO INC O/A SHIPLAKE PROPERTIES LTD,OP0821,TIPPET PARK TWO INC O/A SHIPLAKE PROPERTIES LTD
TIVOLI TOWERS,OP0294,TIVOLI TOWERS
TOBIS INVESTMENTS INC.,OP0245,TOBIS INVESTMENTS INC.
TORBOLTON APTS LTD,OP0689,TORBOLTON APTS LTD
TORONTO COMMUNITY HOUSING CORP,OP0021,TORONTO COMMUNITY HOUSING CORPORATION
TORONTO COMMUNITY HOUSING CORPORATION,OP0021,TORONTO COMMUNITY HOUSING CORPORATION
TOSCANO INVESTMENTS INC.,OP0549,TOSCANO INVESTMENTS INC.
TOWN & COUNTRY PROPERTY MANAGERS,OP0757,TOWN & COUNTRY PROPERTY MANAGERS
TRAVI INC,OP0129,TRAVI INC.
TRAVI INC.,OP0129,TRAVI INC.
TRIBE MANAGEMENT INC.,OP0439,TRIBE MANAGEMENT INC.
TRIBRIK,OP0575,TRIBRIK
TRICON,OP0324,TRICON
TRICON RESIDENTAIL,OP0128,TRICON RESIDENTIAL INC
TRICON RESIDENTIAL,OP0128,TRICON RESIDENTIAL INC
TRICON RESIDENTIAL INC,OP0128,TRICON RESIDENTIAL INC
TRIOVEST REALTY ADVISORS INC.,OP0744,TRIOVEST REALTY ADVISORS INC.
TRIPAR MANAGEMENT,OP0512,TRIPAR MANAGEMENT
TRIVEST DEV. CORPORATION,OP0729,TRIVEST DEV. CORPORATION
TRIVEST DEVELOPMENT CORP,OP0001,TRIVEST DEVELOPMENTS CORPORATION
TRIVEST DEVELOPMENTS,OP0001,TRIVEST DEVELOPMENTS CORPORATION
TRIVEST DEVELOPMENTS COROPORATION,OP0770,TRIVEST DEVELOPMENTS COROPORATION
TRIVEST DEVELOPMENTS CORPORATION,OP0001,TRIVEST DEVELOPMENTS CORPORATION
TSB (THE SILVER BRUSH),OP0387,TSB (THE SILVER BRUSH)
TSE IN TRUST,OP0013,TSE IN TRUST
TURTLEDOVE MANAGEMENT,OP0717,TURTLEDOVE MANAGEMENT
TWELVESTONE REALTY ADVISORS INC.,OP0457,TWELVESTONE REALTY ADVISORS INC.
TWO VIEW INVESTMENTS,OP0705,TWO VIEW INVESTMENTS
TYNDALL MANOR,OP0383,TYNDALL MANOR
TYNDALLWOOD INVESTMENTS LTD,OP0412,TYNDALLWOOD INVESTMENTS LTD
ULRICH PRIPERTIES LTD,OP0133,ULRICH PROPERTIES LTD.
ULRICH PROPERTIES LTD.,OP0133,ULRICH PROPERTIES LTD.
UPERSIDE APARTMENTS LTD,OP0370,UPERSIDE APARTMENTS LTD
UPPRESIDEAPARTMENTS LTD,OP0371,UPPRESIDEAPARTMENTS LTD
VALLEY  YORK  MANOR,OP0618,VALLEY  YORK  MANOR
VALOUR MANAGEMENT INC.,OP0122,VALOUR MANAGEMENT INC.
VENTAWOOD MANAGEMENT INC,OP0605,VENTAWOOD MANAGEMENT INC
VERTICA RESIDENT SERVICES,OP0716,VERTICA RESIDENT SERVICES
VESCIO INVESTMENTS LTD,OP0577,VESCIO INVESTMENTS LTD
VESTA MANAGEMENT INC,OP0193,VESTA MANAGEMENT INC
VILLA CHARITIES,OP0204,VILLA CHARITIES INC
VILLA CHARITIES INC,OP0204,VILLA CHARITIES INC
VILLA LUSO NON PROFIT HOUSING CORP,OP0405,VILLA LUSO NON PROFIT HOUSING CORP
VILLETTES APARTMENTS,OP0459,VILLETTES APARTMENTS
VILNIUS MANOR,OP0380,VILNIUS MANOR
VINCENTPAUL FAMILY HOMES CORPORATION,OP0499,VINCENTPAUL FAMILY HOMES CORPORATION
VINCENZA PAOLELLA,OP0558,VINCENZA PAOLELLA
VIRON PROPERTIES INC.,OP0206,VIRON PROPERTIES INC.
VIVIAN RAITSINIS,OP0774,VIVIAN RAITSINIS
WALMER BLOOR HOLDINGS INC,OP0411,WALMER BLOOR HOLDINGS INC
WEDGEWOOD COLUMBUS LIMITED,OP0530,WEDGEWOOD COLUMBUS LIMITED
WELLESLEY PARLIAMENT SQUARE LTD.,OP0121,WELLESLEY PARLIAMENT SQUARE LTD.
WEST HILL MANOR,OP0372,WEST HILL MANOR
WEST WOOD HOLDING INC,OP0087,WEST WOOD HOLDING INC
WESTBANK ONTARIO REALTY CORP,OP0822,WESTBANK ONTARIO REALTY CORP
WESTDALE PROPERTIES,OP0046,WESTDALE PROPERTIES
WESTGATE APARTMENTS,OP0666,WESTGATE APARTMENTS
WESTHAVEN PROPERTY MANAGEMENT INC,OP0071,WESTHAVEN PROPERTY MANAGEMENT INC.
WESTHAVEN PROPERTY MANAGEMENT INC.,OP0071,WESTHAVEN PROPERTY MANAGEMENT INC.
WESTMALL INVESTMENTS,OP0303,WESTMALL INVESTMENTS
WESTON PROPERTY MANAGEMENT,OP0316,WESTON PROPERTY MANAGEMENT
WESTSIDE STOREYS LIMITED,OP0139,WESTSIDE STOREYS LIMITED
WESTWAY INVESTMENTS,OP0686,WESTWAY INVESTMENTS
WESTWOOD HOLDINGS INC,OP0246,WESTWOOD HOLDINGS INC.
WESTWOOD HOLDINGS INC.,OP0246,WESTWOOD HOLDINGS INC.
WESTWOOD MANAGEMENT INTERNATIONAL,OP0299,WESTWOOD MANAGEMENT INTERNATIONAL
WIGWAMEN CORPORATION,OP0082,WIGWAMEN INCORPORATED
WIGWAMEN INCORPORATED,OP0082,WIGWAMEN INCORPORATED
WILANMAR HOLDINGS LTD.,OP0515,WILANMAR HOLDINGS LTD.
WILLIAM MCBRIEN LIMITED,OP0492,WILLIAM MCBRIEN LIMITED
WILSON HUMBER RIVER APARTMENTS INC.,OP0560,WILSON HUMBER RIVER APARTMENTS INC.
WINZEN CORPORATION,OP0306,WINZEN CORPORATION
WJ PROPERTIES,OP0058,WJ PROPERTIES
WJ PROPERTIES.CA,OP0578,WJ PROPERTIES.CA
WOODGREEN COMMUNITY HOUSING INC,OP0002,WOODGREEN COMMUNITY HOUSING INC.
WOODGREEN COMMUNITY HOUSING INC.,OP0002,WOODGREEN COMMUNITY HOUSING INC.
WOODGREEN COMMUNITY SERVICE,OP0263,WOODGREEN COMMUNITY SERVICES
WOODGREEN COMMUNITY SERVICES,OP0263,WOODGREEN COMMUNITY SERVICES
WOOLNER HOLDINGS INC,OP0293,WOOLNER HOLDINGS INC
WYCLIFFE PROPERTY MANAGEMENT LIMITED,OP0287,WYCLIFFE PROPERTY MANAGEMENT LIMITED
YAD INVESTMENTS LTD,OP0222,YAD INVESTMENTS LTD
YEE HONG CHINESE EVERGREEN NON-PROFIT HOMES ( METRO TORONTO) CORP,OP0722,YEE HONG CHINESE EVERGREEN NON-PROFIT HOMES ( METRO TORONTO) CORP
YONGE PLEASANT HOLDINGS LIMITED,OP0251,YONGE PLEASANT HOLDINGS LIMITED
YONGE PLEASANT HOLDINGS LTD.,OP0251,YONGE PLEASANT HOLDINGS LIMITED
YONGE STREET MISSION,OP0443,YONGE STREET MISSION
YORK MILLS COURT APTS,OP0615,YORK MILLS COURT APTS
YORK MILLS PLACE,OP0616,YORK MILLS PLACE
YU SHAN CHIU,OP0808,YU SHAN CHIU
YWCA,OP0450,YWCA
YWCA TORONTO,OP0185,YWCA TORONTO
ZERIN DEVELOPMENT CORPORATION,OP0237,ZERIN DEVELOPMENT CORPORATION
